noise_fraction,trial,method,auprc,improvement_survives
0.005,0,baseline:D_e_abs,0.3858815900358635,False
0.005,0,baseline:D_e_normalized,0.05540146770018478,False
0.005,0,baseline:D_e_positive,0.3166133568870386,False
0.005,0,baseline:E_parallel_abs,0.2323811403111793,False
0.005,0,baseline:E_prime_magnitude,0.2211886193753647,False
0.005,0,baseline:J_magnitude,0.7201439906291709,False
0.005,0,baseline:Q,0.38167179733257545,False
0.005,0,baseline:pressure_anisotropy_abs,0.15494857341240276,False
0.005,0,nonlinear_invariant,0.5823524091480724,False
0.005,0,sparse_invariant,0.6209490276477632,False
0.005,1,baseline:D_e_abs,0.38529927303824424,False
0.005,1,baseline:D_e_normalized,0.05211833712408337,False
0.005,1,baseline:D_e_positive,0.3165779845593379,False
0.005,1,baseline:E_parallel_abs,0.22981942441394265,False
0.005,1,baseline:E_prime_magnitude,0.22194881373547315,False
0.005,1,baseline:J_magnitude,0.7196930828404646,False
0.005,1,baseline:Q,0.39503726622888685,False
0.005,1,baseline:pressure_anisotropy_abs,0.1544558220189333,False
0.005,1,nonlinear_invariant,0.5846702366317803,False
0.005,1,sparse_invariant,0.6195652024626331,False
0.005,2,baseline:D_e_abs,0.3865629614199209,False
0.005,2,baseline:D_e_normalized,0.05356915558998785,False
0.005,2,baseline:D_e_positive,0.3159079715059822,False
0.005,2,baseline:E_parallel_abs,0.23398401438212793,False
0.005,2,baseline:E_prime_magnitude,0.22158836702147736,False
0.005,2,baseline:J_magnitude,0.72148841606782,False
0.005,2,baseline:Q,0.39095804628931674,False
0.005,2,baseline:pressure_anisotropy_abs,0.15478564582055096,False
0.005,2,nonlinear_invariant,0.5837717462025879,False
0.005,2,sparse_invariant,0.6132395719831957,False
0.005,3,baseline:D_e_abs,0.38627262262220624,False
0.005,3,baseline:D_e_normalized,0.055370604109367345,False
0.005,3,baseline:D_e_positive,0.31584090651130464,False
0.005,3,baseline:E_parallel_abs,0.23466317375691015,False
0.005,3,baseline:E_prime_magnitude,0.21823910032327787,False
0.005,3,baseline:J_magnitude,0.7210293545067504,False
0.005,3,baseline:Q,0.39372930316035504,False
0.005,3,baseline:pressure_anisotropy_abs,0.15531325172720153,False
0.005,3,nonlinear_invariant,0.5870255333892304,False
0.005,3,sparse_invariant,0.6184399848918076,False
0.005,4,baseline:D_e_abs,0.387788652195078,False
0.005,4,baseline:D_e_normalized,0.05623904044804671,False
0.005,4,baseline:D_e_positive,0.3177476527108494,False
0.005,4,baseline:E_parallel_abs,0.23400297414494642,False
0.005,4,baseline:E_prime_magnitude,0.21866484422274488,False
0.005,4,baseline:J_magnitude,0.7193327603043196,False
0.005,4,baseline:Q,0.38306626971928637,False
0.005,4,baseline:pressure_anisotropy_abs,0.15538093044223447,False
0.005,4,nonlinear_invariant,0.5838007667918617,False
0.005,4,sparse_invariant,0.6133688062340813,False
0.005,5,baseline:D_e_abs,0.3837738013978192,False
0.005,5,baseline:D_e_normalized,0.053239434947008564,False
0.005,5,baseline:D_e_positive,0.3155984630172059,False
0.005,5,baseline:E_parallel_abs,0.2329342353162295,False
0.005,5,baseline:E_prime_magnitude,0.2196646752579128,False
0.005,5,baseline:J_magnitude,0.7202988378976105,False
0.005,5,baseline:Q,0.3899542727637633,False
0.005,5,baseline:pressure_anisotropy_abs,0.15504423979559176,False
0.005,5,nonlinear_invariant,0.5904253554246645,False
0.005,5,sparse_invariant,0.6205574736753591,False
0.005,6,baseline:D_e_abs,0.3892643204558895,False
0.005,6,baseline:D_e_normalized,0.05546331797583689,False
0.005,6,baseline:D_e_positive,0.31707887754329783,False
0.005,6,baseline:E_parallel_abs,0.23455184886152283,False
0.005,6,baseline:E_prime_magnitude,0.2216976661490483,False
0.005,6,baseline:J_magnitude,0.7205565108994335,False
0.005,6,baseline:Q,0.392845397522057,False
0.005,6,baseline:pressure_anisotropy_abs,0.15552398049083724,False
0.005,6,nonlinear_invariant,0.5834213981288218,False
0.005,6,sparse_invariant,0.6158384794043218,False
0.005,7,baseline:D_e_abs,0.3874418296235385,False
0.005,7,baseline:D_e_normalized,0.05271744261697007,False
0.005,7,baseline:D_e_positive,0.3174383679120651,False
0.005,7,baseline:E_parallel_abs,0.23337179129190563,False
0.005,7,baseline:E_prime_magnitude,0.2215135281088645,False
0.005,7,baseline:J_magnitude,0.7222441872034842,False
0.005,7,baseline:Q,0.3937716819283657,False
0.005,7,baseline:pressure_anisotropy_abs,0.15423070864214425,False
0.005,7,nonlinear_invariant,0.5767679318577424,False
0.005,7,sparse_invariant,0.6187292936869718,False
0.005,8,baseline:D_e_abs,0.38593866761330714,False
0.005,8,baseline:D_e_normalized,0.055817511366307575,False
0.005,8,baseline:D_e_positive,0.31564108841834865,False
0.005,8,baseline:E_parallel_abs,0.23280591701490586,False
0.005,8,baseline:E_prime_magnitude,0.22033405330540803,False
0.005,8,baseline:J_magnitude,0.7232529004080875,False
0.005,8,baseline:Q,0.3851569094129703,False
0.005,8,baseline:pressure_anisotropy_abs,0.15549923562429113,False
0.005,8,nonlinear_invariant,0.5892025739305559,False
0.005,8,sparse_invariant,0.6101074890962682,False
0.005,9,baseline:D_e_abs,0.3874192429875089,False
0.005,9,baseline:D_e_normalized,0.055572665024716195,False
0.005,9,baseline:D_e_positive,0.3172350442942193,False
0.005,9,baseline:E_parallel_abs,0.23367248842773283,False
0.005,9,baseline:E_prime_magnitude,0.22072109816443067,False
0.005,9,baseline:J_magnitude,0.7200256654067502,False
0.005,9,baseline:Q,0.381998372629003,False
0.005,9,baseline:pressure_anisotropy_abs,0.15526839631969666,False
0.005,9,nonlinear_invariant,0.5790942861722967,False
0.005,9,sparse_invariant,0.6183082128712636,False
0.005,10,baseline:D_e_abs,0.38803996905385274,False
0.005,10,baseline:D_e_normalized,0.055174371314353356,False
0.005,10,baseline:D_e_positive,0.3156898719592099,False
0.005,10,baseline:E_parallel_abs,0.23336786036728083,False
0.005,10,baseline:E_prime_magnitude,0.21799840721831262,False
0.005,10,baseline:J_magnitude,0.7200918748573636,False
0.005,10,baseline:Q,0.3881137116326749,False
0.005,10,baseline:pressure_anisotropy_abs,0.15444639221138082,False
0.005,10,nonlinear_invariant,0.5796581278811546,False
0.005,10,sparse_invariant,0.624657914764719,False
0.005,11,baseline:D_e_abs,0.38951013482724894,False
0.005,11,baseline:D_e_normalized,0.05578550373674204,False
0.005,11,baseline:D_e_positive,0.3182718647821061,False
0.005,11,baseline:E_parallel_abs,0.23390027304812852,False
0.005,11,baseline:E_prime_magnitude,0.21849883151135494,False
0.005,11,baseline:J_magnitude,0.7222391836176142,False
0.005,11,baseline:Q,0.39313919998694796,False
0.005,11,baseline:pressure_anisotropy_abs,0.15440304836976843,False
0.005,11,nonlinear_invariant,0.5814781623367338,False
0.005,11,sparse_invariant,0.6091258243243959,False
0.005,12,baseline:D_e_abs,0.3831443634240805,False
0.005,12,baseline:D_e_normalized,0.053155434966236786,False
0.005,12,baseline:D_e_positive,0.3159898282623279,False
0.005,12,baseline:E_parallel_abs,0.23292360134172205,False
0.005,12,baseline:E_prime_magnitude,0.22172640318064918,False
0.005,12,baseline:J_magnitude,0.7212441543889673,False
0.005,12,baseline:Q,0.39626519731640203,False
0.005,12,baseline:pressure_anisotropy_abs,0.15492794261599793,False
0.005,12,nonlinear_invariant,0.5815137307039863,False
0.005,12,sparse_invariant,0.6206291479017344,False
0.005,13,baseline:D_e_abs,0.386284631832898,False
0.005,13,baseline:D_e_normalized,0.05542844958355334,False
0.005,13,baseline:D_e_positive,0.31618665328352413,False
0.005,13,baseline:E_parallel_abs,0.23315195536519528,False
0.005,13,baseline:E_prime_magnitude,0.22126911890394665,False
0.005,13,baseline:J_magnitude,0.7219523971689029,False
0.005,13,baseline:Q,0.3956699871897207,False
0.005,13,baseline:pressure_anisotropy_abs,0.15477006997348594,False
0.005,13,nonlinear_invariant,0.58576315988892,False
0.005,13,sparse_invariant,0.614133973139935,False
0.005,14,baseline:D_e_abs,0.3836737502871405,False
0.005,14,baseline:D_e_normalized,0.05536461586758987,False
0.005,14,baseline:D_e_positive,0.314131642899563,False
0.005,14,baseline:E_parallel_abs,0.23492020104703346,False
0.005,14,baseline:E_prime_magnitude,0.2205585970522251,False
0.005,14,baseline:J_magnitude,0.7216713776231213,False
0.005,14,baseline:Q,0.39413387512035597,False
0.005,14,baseline:pressure_anisotropy_abs,0.1563267003703111,False
0.005,14,nonlinear_invariant,0.5965005883771488,False
0.005,14,sparse_invariant,0.6213859733607142,False
0.005,15,baseline:D_e_abs,0.3844198757855475,False
0.005,15,baseline:D_e_normalized,0.05560642119240624,False
0.005,15,baseline:D_e_positive,0.3147220102650486,False
0.005,15,baseline:E_parallel_abs,0.23136932963528076,False
0.005,15,baseline:E_prime_magnitude,0.22096054130514162,False
0.005,15,baseline:J_magnitude,0.7210957979230024,False
0.005,15,baseline:Q,0.3973746137512695,False
0.005,15,baseline:pressure_anisotropy_abs,0.15602066539643786,False
0.005,15,nonlinear_invariant,0.5751740744774071,False
0.005,15,sparse_invariant,0.6222076421614079,False
0.005,16,baseline:D_e_abs,0.3876409798847436,False
0.005,16,baseline:D_e_normalized,0.05472944951630556,False
0.005,16,baseline:D_e_positive,0.31828221868587353,False
0.005,16,baseline:E_parallel_abs,0.23540442564686215,False
0.005,16,baseline:E_prime_magnitude,0.220323275036693,False
0.005,16,baseline:J_magnitude,0.7211488605093458,False
0.005,16,baseline:Q,0.39579537569404505,False
0.005,16,baseline:pressure_anisotropy_abs,0.15622657829626918,False
0.005,16,nonlinear_invariant,0.5828819252081238,False
0.005,16,sparse_invariant,0.6234554791598247,False
0.005,17,baseline:D_e_abs,0.386545123760514,False
0.005,17,baseline:D_e_normalized,0.054915387103025994,False
0.005,17,baseline:D_e_positive,0.3158522832477705,False
0.005,17,baseline:E_parallel_abs,0.23352981644197227,False
0.005,17,baseline:E_prime_magnitude,0.22178811005042107,False
0.005,17,baseline:J_magnitude,0.7198111203218551,False
0.005,17,baseline:Q,0.3883097780727274,False
0.005,17,baseline:pressure_anisotropy_abs,0.1558106024393228,False
0.005,17,nonlinear_invariant,0.5764246454930586,False
0.005,17,sparse_invariant,0.6178896192305828,False
0.005,18,baseline:D_e_abs,0.3875915857138284,False
0.005,18,baseline:D_e_normalized,0.055711364950048525,False
0.005,18,baseline:D_e_positive,0.3169821188997411,False
0.005,18,baseline:E_parallel_abs,0.23225876180596752,False
0.005,18,baseline:E_prime_magnitude,0.2202608184379249,False
0.005,18,baseline:J_magnitude,0.7207293373022862,False
0.005,18,baseline:Q,0.3965187698519279,False
0.005,18,baseline:pressure_anisotropy_abs,0.15416605901596872,False
0.005,18,nonlinear_invariant,0.5870290544167187,False
0.005,18,sparse_invariant,0.6215674466957102,False
0.005,19,baseline:D_e_abs,0.3873701017968538,False
0.005,19,baseline:D_e_normalized,0.05575975636437074,False
0.005,19,baseline:D_e_positive,0.31687775590910827,False
0.005,19,baseline:E_parallel_abs,0.23143479181907592,False
0.005,19,baseline:E_prime_magnitude,0.22117570171539158,False
0.005,19,baseline:J_magnitude,0.7216730722151786,False
0.005,19,baseline:Q,0.3952765750634171,False
0.005,19,baseline:pressure_anisotropy_abs,0.155078712112699,False
0.005,19,nonlinear_invariant,0.5852631649919272,False
0.005,19,sparse_invariant,0.6219794552392748,False
0.005,20,baseline:D_e_abs,0.38397036276473356,False
0.005,20,baseline:D_e_normalized,0.05563242027007575,False
0.005,20,baseline:D_e_positive,0.3139474668338534,False
0.005,20,baseline:E_parallel_abs,0.23120196599882495,False
0.005,20,baseline:E_prime_magnitude,0.22077992506534272,False
0.005,20,baseline:J_magnitude,0.7203605583574412,False
0.005,20,baseline:Q,0.3942649352899584,False
0.005,20,baseline:pressure_anisotropy_abs,0.15576290011035465,False
0.005,20,nonlinear_invariant,0.5795857674193656,False
0.005,20,sparse_invariant,0.6196792355197563,False
0.005,21,baseline:D_e_abs,0.3879633490441581,False
0.005,21,baseline:D_e_normalized,0.05542355300826247,False
0.005,21,baseline:D_e_positive,0.31740093331541064,False
0.005,21,baseline:E_parallel_abs,0.236319276584374,False
0.005,21,baseline:E_prime_magnitude,0.2173274584071625,False
0.005,21,baseline:J_magnitude,0.7207109903911987,False
0.005,21,baseline:Q,0.389168858798528,False
0.005,21,baseline:pressure_anisotropy_abs,0.15467196270364236,False
0.005,21,nonlinear_invariant,0.5823159197252789,False
0.005,21,sparse_invariant,0.6184885626513558,False
0.005,22,baseline:D_e_abs,0.38825137126011283,False
0.005,22,baseline:D_e_normalized,0.055265877648994995,False
0.005,22,baseline:D_e_positive,0.3181211208945148,False
0.005,22,baseline:E_parallel_abs,0.23407379755003466,False
0.005,22,baseline:E_prime_magnitude,0.22099852918154061,False
0.005,22,baseline:J_magnitude,0.7215869037496313,False
0.005,22,baseline:Q,0.3919191118635797,False
0.005,22,baseline:pressure_anisotropy_abs,0.1556377495133355,False
0.005,22,nonlinear_invariant,0.5777647941771893,False
0.005,22,sparse_invariant,0.6239676639601229,False
0.005,23,baseline:D_e_abs,0.38337644348004946,False
0.005,23,baseline:D_e_normalized,0.05570142286641097,False
0.005,23,baseline:D_e_positive,0.3151026643143012,False
0.005,23,baseline:E_parallel_abs,0.23240375625016294,False
0.005,23,baseline:E_prime_magnitude,0.21996701896622642,False
0.005,23,baseline:J_magnitude,0.7206765496706393,False
0.005,23,baseline:Q,0.3895086704399943,False
0.005,23,baseline:pressure_anisotropy_abs,0.15447874502913264,False
0.005,23,nonlinear_invariant,0.58437997996075,False
0.005,23,sparse_invariant,0.6064989499613748,False
0.005,24,baseline:D_e_abs,0.3854999703513911,False
0.005,24,baseline:D_e_normalized,0.055664427102276426,False
0.005,24,baseline:D_e_positive,0.3171037668632508,False
0.005,24,baseline:E_parallel_abs,0.23074404804042822,False
0.005,24,baseline:E_prime_magnitude,0.22102416672305655,False
0.005,24,baseline:J_magnitude,0.7213954658771035,False
0.005,24,baseline:Q,0.3855994328685746,False
0.005,24,baseline:pressure_anisotropy_abs,0.15436456273677274,False
0.005,24,nonlinear_invariant,0.5767993482695078,False
0.005,24,sparse_invariant,0.6182715560668501,False
0.005,25,baseline:D_e_abs,0.386713108049156,False
0.005,25,baseline:D_e_normalized,0.05535500445060542,False
0.005,25,baseline:D_e_positive,0.3173684664281457,False
0.005,25,baseline:E_parallel_abs,0.23326371127852105,False
0.005,25,baseline:E_prime_magnitude,0.22066133025432175,False
0.005,25,baseline:J_magnitude,0.7209456568115445,False
0.005,25,baseline:Q,0.3961940385042872,False
0.005,25,baseline:pressure_anisotropy_abs,0.15485888017745908,False
0.005,25,nonlinear_invariant,0.587520340665866,False
0.005,25,sparse_invariant,0.6191260016318058,False
0.005,26,baseline:D_e_abs,0.38470791975808205,False
0.005,26,baseline:D_e_normalized,0.05553357471980062,False
0.005,26,baseline:D_e_positive,0.3147059409701563,False
0.005,26,baseline:E_parallel_abs,0.23354124499833473,False
0.005,26,baseline:E_prime_magnitude,0.22043685977358252,False
0.005,26,baseline:J_magnitude,0.7206179526625882,False
0.005,26,baseline:Q,0.39304005360043615,False
0.005,26,baseline:pressure_anisotropy_abs,0.15403136174889537,False
0.005,26,nonlinear_invariant,0.5864020389191552,False
0.005,26,sparse_invariant,0.6198664241199298,False
0.005,27,baseline:D_e_abs,0.3875374957604257,False
0.005,27,baseline:D_e_normalized,0.05502811223519155,False
0.005,27,baseline:D_e_positive,0.3181182554359131,False
0.005,27,baseline:E_parallel_abs,0.2364869340680682,False
0.005,27,baseline:E_prime_magnitude,0.22133757697015188,False
0.005,27,baseline:J_magnitude,0.7220894295776592,False
0.005,27,baseline:Q,0.3884233228997225,False
0.005,27,baseline:pressure_anisotropy_abs,0.15631449623619983,False
0.005,27,nonlinear_invariant,0.5846659582372501,False
0.005,27,sparse_invariant,0.6071274254874354,False
0.005,28,baseline:D_e_abs,0.38731717801215937,False
0.005,28,baseline:D_e_normalized,0.056064311704404485,False
0.005,28,baseline:D_e_positive,0.3167906528906382,False
0.005,28,baseline:E_parallel_abs,0.23577865954692198,False
0.005,28,baseline:E_prime_magnitude,0.22090656144499585,False
0.005,28,baseline:J_magnitude,0.7205880008916545,False
0.005,28,baseline:Q,0.39327381896043495,False
0.005,28,baseline:pressure_anisotropy_abs,0.1543340714255233,False
0.005,28,nonlinear_invariant,0.5897716991946992,False
0.005,28,sparse_invariant,0.6211376993339773,False
0.005,29,baseline:D_e_abs,0.38545118253559013,False
0.005,29,baseline:D_e_normalized,0.0554175805537021,False
0.005,29,baseline:D_e_positive,0.31636992061068253,False
0.005,29,baseline:E_parallel_abs,0.23233617914756485,False
0.005,29,baseline:E_prime_magnitude,0.220732544328912,False
0.005,29,baseline:J_magnitude,0.7202213249337057,False
0.005,29,baseline:Q,0.3943163869987784,False
0.005,29,baseline:pressure_anisotropy_abs,0.1549869672995822,False
0.005,29,nonlinear_invariant,0.5757538379306683,False
0.005,29,sparse_invariant,0.6198450369111727,False
0.005,30,baseline:D_e_abs,0.3866485318149591,False
0.005,30,baseline:D_e_normalized,0.05505852091895186,False
0.005,30,baseline:D_e_positive,0.31676983709068307,False
0.005,30,baseline:E_parallel_abs,0.235457005307491,False
0.005,30,baseline:E_prime_magnitude,0.2213590374640921,False
0.005,30,baseline:J_magnitude,0.7200751583920129,False
0.005,30,baseline:Q,0.39445029329621734,False
0.005,30,baseline:pressure_anisotropy_abs,0.15416798097711917,False
0.005,30,nonlinear_invariant,0.5790391036381832,False
0.005,30,sparse_invariant,0.6175048554870733,False
0.005,31,baseline:D_e_abs,0.38476077769800393,False
0.005,31,baseline:D_e_normalized,0.05553568420828636,False
0.005,31,baseline:D_e_positive,0.3150065507885052,False
0.005,31,baseline:E_parallel_abs,0.23343643303836106,False
0.005,31,baseline:E_prime_magnitude,0.22043086251451405,False
0.005,31,baseline:J_magnitude,0.720079355232758,False
0.005,31,baseline:Q,0.39041952717389755,False
0.005,31,baseline:pressure_anisotropy_abs,0.15566990551037407,False
0.005,31,nonlinear_invariant,0.5865484884697406,False
0.005,31,sparse_invariant,0.6181867695257903,False
0.005,32,baseline:D_e_abs,0.3873319133375308,False
0.005,32,baseline:D_e_normalized,0.054956262616751544,False
0.005,32,baseline:D_e_positive,0.3156956299664882,False
0.005,32,baseline:E_parallel_abs,0.2325022880889797,False
0.005,32,baseline:E_prime_magnitude,0.2183075911323562,False
0.005,32,baseline:J_magnitude,0.7194868054331528,False
0.005,32,baseline:Q,0.395413033673385,False
0.005,32,baseline:pressure_anisotropy_abs,0.1544980735380724,False
0.005,32,nonlinear_invariant,0.584940417188811,False
0.005,32,sparse_invariant,0.617158271267923,False
0.005,33,baseline:D_e_abs,0.38614501392991246,False
0.005,33,baseline:D_e_normalized,0.05516982264934991,False
0.005,33,baseline:D_e_positive,0.3152673434799821,False
0.005,33,baseline:E_parallel_abs,0.23220207121648906,False
0.005,33,baseline:E_prime_magnitude,0.22077444498132084,False
0.005,33,baseline:J_magnitude,0.7206846167715293,False
0.005,33,baseline:Q,0.39091132879851154,False
0.005,33,baseline:pressure_anisotropy_abs,0.15578521838260137,False
0.005,33,nonlinear_invariant,0.5910204265349058,False
0.005,33,sparse_invariant,0.6230663310761466,False
0.005,34,baseline:D_e_abs,0.3892271033818106,False
0.005,34,baseline:D_e_normalized,0.05475626347261978,False
0.005,34,baseline:D_e_positive,0.31867337955118974,False
0.005,34,baseline:E_parallel_abs,0.23475124780152679,False
0.005,34,baseline:E_prime_magnitude,0.220609267974309,False
0.005,34,baseline:J_magnitude,0.7197443823712919,False
0.005,34,baseline:Q,0.3985815028430264,False
0.005,34,baseline:pressure_anisotropy_abs,0.1549289440221158,False
0.005,34,nonlinear_invariant,0.5893637832722556,False
0.005,34,sparse_invariant,0.618936180547094,False
0.005,35,baseline:D_e_abs,0.3848393709575421,False
0.005,35,baseline:D_e_normalized,0.052591343873338296,False
0.005,35,baseline:D_e_positive,0.31624872973261187,False
0.005,35,baseline:E_parallel_abs,0.23440528288154294,False
0.005,35,baseline:E_prime_magnitude,0.22090058660708092,False
0.005,35,baseline:J_magnitude,0.7203038857738591,False
0.005,35,baseline:Q,0.40369622253480264,False
0.005,35,baseline:pressure_anisotropy_abs,0.15646576606367715,False
0.005,35,nonlinear_invariant,0.5725148668784826,False
0.005,35,sparse_invariant,0.6194527616152671,False
0.005,36,baseline:D_e_abs,0.38695566910008733,False
0.005,36,baseline:D_e_normalized,0.055006186447210004,False
0.005,36,baseline:D_e_positive,0.3171802636050331,False
0.005,36,baseline:E_parallel_abs,0.23555209495039509,False
0.005,36,baseline:E_prime_magnitude,0.22217651267425628,False
0.005,36,baseline:J_magnitude,0.7206472690083978,False
0.005,36,baseline:Q,0.39024881875935424,False
0.005,36,baseline:pressure_anisotropy_abs,0.15479165186484398,False
0.005,36,nonlinear_invariant,0.5818093277396925,False
0.005,36,sparse_invariant,0.6227238528667042,False
0.005,37,baseline:D_e_abs,0.3873972540266944,False
0.005,37,baseline:D_e_normalized,0.05532113615660122,False
0.005,37,baseline:D_e_positive,0.31811380400891864,False
0.005,37,baseline:E_parallel_abs,0.232990067325998,False
0.005,37,baseline:E_prime_magnitude,0.22148904731820032,False
0.005,37,baseline:J_magnitude,0.7215454423333735,False
0.005,37,baseline:Q,0.39753174116450113,False
0.005,37,baseline:pressure_anisotropy_abs,0.154960612516778,False
0.005,37,nonlinear_invariant,0.5821397924539707,False
0.005,37,sparse_invariant,0.6108827766227537,False
0.005,38,baseline:D_e_abs,0.3897938743794358,False
0.005,38,baseline:D_e_normalized,0.055379854004406114,False
0.005,38,baseline:D_e_positive,0.31794907721978266,False
0.005,38,baseline:E_parallel_abs,0.23551558431517158,False
0.005,38,baseline:E_prime_magnitude,0.2203703165614764,False
0.005,38,baseline:J_magnitude,0.7215841800553183,False
0.005,38,baseline:Q,0.389525067137971,False
0.005,38,baseline:pressure_anisotropy_abs,0.1555656618996121,False
0.005,38,nonlinear_invariant,0.5802962882996038,False
0.005,38,sparse_invariant,0.6232615521566037,False
0.005,39,baseline:D_e_abs,0.38340789127516306,False
0.005,39,baseline:D_e_normalized,0.055295298575305074,False
0.005,39,baseline:D_e_positive,0.3149794899664348,False
0.005,39,baseline:E_parallel_abs,0.23407665344670228,False
0.005,39,baseline:E_prime_magnitude,0.21875859764325137,False
0.005,39,baseline:J_magnitude,0.720466368921702,False
0.005,39,baseline:Q,0.3989836785711427,False
0.005,39,baseline:pressure_anisotropy_abs,0.1549899975544034,False
0.005,39,nonlinear_invariant,0.5844924174821932,False
0.005,39,sparse_invariant,0.6158486044520731,False
0.005,40,baseline:D_e_abs,0.38880418019042023,False
0.005,40,baseline:D_e_normalized,0.05538676734321049,False
0.005,40,baseline:D_e_positive,0.3155375664898472,False
0.005,40,baseline:E_parallel_abs,0.23541041732857804,False
0.005,40,baseline:E_prime_magnitude,0.2184723042225083,False
0.005,40,baseline:J_magnitude,0.721512413318174,False
0.005,40,baseline:Q,0.3990780834408934,False
0.005,40,baseline:pressure_anisotropy_abs,0.15582102209775997,False
0.005,40,nonlinear_invariant,0.5767775647879791,False
0.005,40,sparse_invariant,0.6200514456877319,False
0.005,41,baseline:D_e_abs,0.38512972758342023,False
0.005,41,baseline:D_e_normalized,0.05546164913370732,False
0.005,41,baseline:D_e_positive,0.31655263119089455,False
0.005,41,baseline:E_parallel_abs,0.2351999703417994,False
0.005,41,baseline:E_prime_magnitude,0.2207060303691369,False
0.005,41,baseline:J_magnitude,0.7189847686214406,False
0.005,41,baseline:Q,0.393294590063144,False
0.005,41,baseline:pressure_anisotropy_abs,0.1558542597396775,False
0.005,41,nonlinear_invariant,0.5710505360473465,False
0.005,41,sparse_invariant,0.6183560676516188,False
0.005,42,baseline:D_e_abs,0.38529385561116475,False
0.005,42,baseline:D_e_normalized,0.053428844187014095,False
0.005,42,baseline:D_e_positive,0.3162673938227996,False
0.005,42,baseline:E_parallel_abs,0.23523569138099734,False
0.005,42,baseline:E_prime_magnitude,0.22098554711338214,False
0.005,42,baseline:J_magnitude,0.7204639683598107,False
0.005,42,baseline:Q,0.39158518598229414,False
0.005,42,baseline:pressure_anisotropy_abs,0.1556635173467357,False
0.005,42,nonlinear_invariant,0.587011927189984,False
0.005,42,sparse_invariant,0.6070429902077361,False
0.005,43,baseline:D_e_abs,0.38407955876994976,False
0.005,43,baseline:D_e_normalized,0.05560562424931589,False
0.005,43,baseline:D_e_positive,0.31534332273967575,False
0.005,43,baseline:E_parallel_abs,0.2321282702234677,False
0.005,43,baseline:E_prime_magnitude,0.22070090102914205,False
0.005,43,baseline:J_magnitude,0.7222092195652744,False
0.005,43,baseline:Q,0.39685513214270846,False
0.005,43,baseline:pressure_anisotropy_abs,0.15618311101147997,False
0.005,43,nonlinear_invariant,0.5794311131509239,False
0.005,43,sparse_invariant,0.6199533426337568,False
0.005,44,baseline:D_e_abs,0.3854418501117897,False
0.005,44,baseline:D_e_normalized,0.05559927780096616,False
0.005,44,baseline:D_e_positive,0.31525145733208615,False
0.005,44,baseline:E_parallel_abs,0.23550724146519186,False
0.005,44,baseline:E_prime_magnitude,0.2213682437927874,False
0.005,44,baseline:J_magnitude,0.7217364958719289,False
0.005,44,baseline:Q,0.4032530663798377,False
0.005,44,baseline:pressure_anisotropy_abs,0.15593899775810854,False
0.005,44,nonlinear_invariant,0.5884364008872426,False
0.005,44,sparse_invariant,0.6205549215107827,False
0.005,45,baseline:D_e_abs,0.3858459905745328,False
0.005,45,baseline:D_e_normalized,0.054937087239359216,False
0.005,45,baseline:D_e_positive,0.3170508406369243,False
0.005,45,baseline:E_parallel_abs,0.2369646722686628,False
0.005,45,baseline:E_prime_magnitude,0.22063253345071054,False
0.005,45,baseline:J_magnitude,0.7211536846783435,False
0.005,45,baseline:Q,0.3962766915392284,False
0.005,45,baseline:pressure_anisotropy_abs,0.155604098736241,False
0.005,45,nonlinear_invariant,0.5830000730404499,False
0.005,45,sparse_invariant,0.6180852121018839,False
0.005,46,baseline:D_e_abs,0.38445887119460537,False
0.005,46,baseline:D_e_normalized,0.05567042808400088,False
0.005,46,baseline:D_e_positive,0.3157567760767256,False
0.005,46,baseline:E_parallel_abs,0.2326545241152245,False
0.005,46,baseline:E_prime_magnitude,0.22221032506712535,False
0.005,46,baseline:J_magnitude,0.7223600466989885,False
0.005,46,baseline:Q,0.3905678574279816,False
0.005,46,baseline:pressure_anisotropy_abs,0.15547801372262268,False
0.005,46,nonlinear_invariant,0.5889504348414671,False
0.005,46,sparse_invariant,0.6205345783239841,False
0.005,47,baseline:D_e_abs,0.3845339117021418,False
0.005,47,baseline:D_e_normalized,0.05535118190211912,False
0.005,47,baseline:D_e_positive,0.31687483446620274,False
0.005,47,baseline:E_parallel_abs,0.23093596417884044,False
0.005,47,baseline:E_prime_magnitude,0.22163849299649288,False
0.005,47,baseline:J_magnitude,0.7198928319813923,False
0.005,47,baseline:Q,0.39244437449529784,False
0.005,47,baseline:pressure_anisotropy_abs,0.15514879512464294,False
0.005,47,nonlinear_invariant,0.5886535968761424,False
0.005,47,sparse_invariant,0.6222529272339915,False
0.005,48,baseline:D_e_abs,0.38783543377606056,False
0.005,48,baseline:D_e_normalized,0.05413567006403749,False
0.005,48,baseline:D_e_positive,0.3163325802291344,False
0.005,48,baseline:E_parallel_abs,0.2328507218719528,False
0.005,48,baseline:E_prime_magnitude,0.218616571841843,False
0.005,48,baseline:J_magnitude,0.7221043245612505,False
0.005,48,baseline:Q,0.388044115433498,False
0.005,48,baseline:pressure_anisotropy_abs,0.1558268967837205,False
0.005,48,nonlinear_invariant,0.5898808788561021,False
0.005,48,sparse_invariant,0.6192728194333296,False
0.005,49,baseline:D_e_abs,0.38698737586505777,False
0.005,49,baseline:D_e_normalized,0.05450369817790113,False
0.005,49,baseline:D_e_positive,0.3162160724238742,False
0.005,49,baseline:E_parallel_abs,0.2331637351055773,False
0.005,49,baseline:E_prime_magnitude,0.22076466242757328,False
0.005,49,baseline:J_magnitude,0.7216722020435987,False
0.005,49,baseline:Q,0.39959877672576144,False
0.005,49,baseline:pressure_anisotropy_abs,0.15578970759329425,False
0.005,49,nonlinear_invariant,0.580233532194255,False
0.005,49,sparse_invariant,0.6229258707893139,False
0.01,0,baseline:D_e_abs,0.38731352114465745,False
0.01,0,baseline:D_e_normalized,0.056220383227606696,False
0.01,0,baseline:D_e_positive,0.3140605221882125,False
0.01,0,baseline:E_parallel_abs,0.23562095764032462,False
0.01,0,baseline:E_prime_magnitude,0.22180050834562937,False
0.01,0,baseline:J_magnitude,0.722008207043197,False
0.01,0,baseline:Q,0.36187575672582106,False
0.01,0,baseline:pressure_anisotropy_abs,0.15430240050245914,False
0.01,0,nonlinear_invariant,0.5861849118810342,False
0.01,0,sparse_invariant,0.5936723456769762,False
0.01,1,baseline:D_e_abs,0.385232306608922,False
0.01,1,baseline:D_e_normalized,0.05570681128005378,False
0.01,1,baseline:D_e_positive,0.31409299871247154,False
0.01,1,baseline:E_parallel_abs,0.2340474077170207,False
0.01,1,baseline:E_prime_magnitude,0.22146580535724655,False
0.01,1,baseline:J_magnitude,0.7224554623722144,False
0.01,1,baseline:Q,0.36996314778124906,False
0.01,1,baseline:pressure_anisotropy_abs,0.15611167330284342,False
0.01,1,nonlinear_invariant,0.5769269069208416,False
0.01,1,sparse_invariant,0.5918941339838217,False
0.01,2,baseline:D_e_abs,0.3885774221156953,False
0.01,2,baseline:D_e_normalized,0.05640610395867502,False
0.01,2,baseline:D_e_positive,0.31866074087167967,False
0.01,2,baseline:E_parallel_abs,0.23299863061084977,False
0.01,2,baseline:E_prime_magnitude,0.22254349927032915,False
0.01,2,baseline:J_magnitude,0.7201724389768206,False
0.01,2,baseline:Q,0.3592342200789089,False
0.01,2,baseline:pressure_anisotropy_abs,0.15449097979427392,False
0.01,2,nonlinear_invariant,0.579461985874541,False
0.01,2,sparse_invariant,0.5912442924391663,False
0.01,3,baseline:D_e_abs,0.38679083790434415,False
0.01,3,baseline:D_e_normalized,0.05255482234212185,False
0.01,3,baseline:D_e_positive,0.3166379717757126,False
0.01,3,baseline:E_parallel_abs,0.23600126719056733,False
0.01,3,baseline:E_prime_magnitude,0.21947967838756866,False
0.01,3,baseline:J_magnitude,0.7207433860932461,False
0.01,3,baseline:Q,0.37009776483337586,False
0.01,3,baseline:pressure_anisotropy_abs,0.15404134858488835,False
0.01,3,nonlinear_invariant,0.5805470082840799,False
0.01,3,sparse_invariant,0.5938579068292713,False
0.01,4,baseline:D_e_abs,0.3878068987640069,False
0.01,4,baseline:D_e_normalized,0.05414931411695253,False
0.01,4,baseline:D_e_positive,0.3153030913004767,False
0.01,4,baseline:E_parallel_abs,0.2268963324851034,False
0.01,4,baseline:E_prime_magnitude,0.21879708752010976,False
0.01,4,baseline:J_magnitude,0.7230677564459039,False
0.01,4,baseline:Q,0.35275710746299893,False
0.01,4,baseline:pressure_anisotropy_abs,0.15587864820253677,False
0.01,4,nonlinear_invariant,0.5697663978887858,False
0.01,4,sparse_invariant,0.6003426283420273,False
0.01,5,baseline:D_e_abs,0.38432881831972576,False
0.01,5,baseline:D_e_normalized,0.05546486934240271,False
0.01,5,baseline:D_e_positive,0.3146320349676312,False
0.01,5,baseline:E_parallel_abs,0.23573925538392815,False
0.01,5,baseline:E_prime_magnitude,0.21850733172636108,False
0.01,5,baseline:J_magnitude,0.7297585930073721,False
0.01,5,baseline:Q,0.3732494382758178,False
0.01,5,baseline:pressure_anisotropy_abs,0.15354343088305003,False
0.01,5,nonlinear_invariant,0.5850406044816238,False
0.01,5,sparse_invariant,0.6016037756873291,False
0.01,6,baseline:D_e_abs,0.38802498541712893,False
0.01,6,baseline:D_e_normalized,0.05341170695043087,False
0.01,6,baseline:D_e_positive,0.31790724010742577,False
0.01,6,baseline:E_parallel_abs,0.23225749830395304,False
0.01,6,baseline:E_prime_magnitude,0.21787172965530488,False
0.01,6,baseline:J_magnitude,0.7195259490433067,False
0.01,6,baseline:Q,0.3803740300682499,False
0.01,6,baseline:pressure_anisotropy_abs,0.1532971940582714,False
0.01,6,nonlinear_invariant,0.5869574482632997,False
0.01,6,sparse_invariant,0.6008537302547237,False
0.01,7,baseline:D_e_abs,0.3844924129041522,False
0.01,7,baseline:D_e_normalized,0.05520998110699744,False
0.01,7,baseline:D_e_positive,0.31440440637925454,False
0.01,7,baseline:E_parallel_abs,0.2301952927768097,False
0.01,7,baseline:E_prime_magnitude,0.21836103661985518,False
0.01,7,baseline:J_magnitude,0.7196117532323919,False
0.01,7,baseline:Q,0.3695870073180985,False
0.01,7,baseline:pressure_anisotropy_abs,0.15418898456846208,False
0.01,7,nonlinear_invariant,0.5913922005675604,False
0.01,7,sparse_invariant,0.5926127868858845,False
0.01,8,baseline:D_e_abs,0.3838758281128676,False
0.01,8,baseline:D_e_normalized,0.05496374324511918,False
0.01,8,baseline:D_e_positive,0.3156559127018648,False
0.01,8,baseline:E_parallel_abs,0.23302853665685938,False
0.01,8,baseline:E_prime_magnitude,0.21857296284163485,False
0.01,8,baseline:J_magnitude,0.7204059011880384,False
0.01,8,baseline:Q,0.35682383368239673,False
0.01,8,baseline:pressure_anisotropy_abs,0.15478257665913406,False
0.01,8,nonlinear_invariant,0.5889599192909901,False
0.01,8,sparse_invariant,0.5877671121421476,False
0.01,9,baseline:D_e_abs,0.3850924463152068,False
0.01,9,baseline:D_e_normalized,0.055372131032484125,False
0.01,9,baseline:D_e_positive,0.3155592372111989,False
0.01,9,baseline:E_parallel_abs,0.23155558513676736,False
0.01,9,baseline:E_prime_magnitude,0.22078934751206555,False
0.01,9,baseline:J_magnitude,0.7209907747754998,False
0.01,9,baseline:Q,0.35659132272241995,False
0.01,9,baseline:pressure_anisotropy_abs,0.15293380611722165,False
0.01,9,nonlinear_invariant,0.5794586974733189,False
0.01,9,sparse_invariant,0.595294295593947,False
0.01,10,baseline:D_e_abs,0.386574280501537,False
0.01,10,baseline:D_e_normalized,0.055249931598768676,False
0.01,10,baseline:D_e_positive,0.31661776953853865,False
0.01,10,baseline:E_parallel_abs,0.23281475565390639,False
0.01,10,baseline:E_prime_magnitude,0.22094518261473187,False
0.01,10,baseline:J_magnitude,0.7219379343075566,False
0.01,10,baseline:Q,0.3709400437727739,False
0.01,10,baseline:pressure_anisotropy_abs,0.15400504494960304,False
0.01,10,nonlinear_invariant,0.5843511295314573,False
0.01,10,sparse_invariant,0.6024173594594759,False
0.01,11,baseline:D_e_abs,0.38750184355655354,False
0.01,11,baseline:D_e_normalized,0.05565960457249817,False
0.01,11,baseline:D_e_positive,0.31611473107876836,False
0.01,11,baseline:E_parallel_abs,0.23359239911546592,False
0.01,11,baseline:E_prime_magnitude,0.2205315776573867,False
0.01,11,baseline:J_magnitude,0.7188264838387816,False
0.01,11,baseline:Q,0.35397764631318046,False
0.01,11,baseline:pressure_anisotropy_abs,0.15547959935380265,False
0.01,11,nonlinear_invariant,0.5809022894618893,False
0.01,11,sparse_invariant,0.5939698756956538,False
0.01,12,baseline:D_e_abs,0.3842946075843756,False
0.01,12,baseline:D_e_normalized,0.05589830099533131,False
0.01,12,baseline:D_e_positive,0.31346763682094,False
0.01,12,baseline:E_parallel_abs,0.23551615507408283,False
0.01,12,baseline:E_prime_magnitude,0.21988687823624156,False
0.01,12,baseline:J_magnitude,0.7207662175308,False
0.01,12,baseline:Q,0.3731837520599736,False
0.01,12,baseline:pressure_anisotropy_abs,0.1533412259035926,False
0.01,12,nonlinear_invariant,0.5773841393487803,False
0.01,12,sparse_invariant,0.5987308225862017,False
0.01,13,baseline:D_e_abs,0.38326753317741447,False
0.01,13,baseline:D_e_normalized,0.05317146802835495,False
0.01,13,baseline:D_e_positive,0.3169670737517191,False
0.01,13,baseline:E_parallel_abs,0.23743856525082632,False
0.01,13,baseline:E_prime_magnitude,0.21832777148151025,False
0.01,13,baseline:J_magnitude,0.7206189055625168,False
0.01,13,baseline:Q,0.37498762132648417,False
0.01,13,baseline:pressure_anisotropy_abs,0.15567836241457908,False
0.01,13,nonlinear_invariant,0.5735259238794693,False
0.01,13,sparse_invariant,0.6088937080090014,False
0.01,14,baseline:D_e_abs,0.38603998348851243,False
0.01,14,baseline:D_e_normalized,0.05520604139359806,False
0.01,14,baseline:D_e_positive,0.31704397152183045,False
0.01,14,baseline:E_parallel_abs,0.23318505757460292,False
0.01,14,baseline:E_prime_magnitude,0.21872293892480152,False
0.01,14,baseline:J_magnitude,0.7222624775060161,False
0.01,14,baseline:Q,0.3581535373743554,False
0.01,14,baseline:pressure_anisotropy_abs,0.1556862692925326,False
0.01,14,nonlinear_invariant,0.5723921680959223,False
0.01,14,sparse_invariant,0.6043295710145139,False
0.01,15,baseline:D_e_abs,0.3850848955069415,False
0.01,15,baseline:D_e_normalized,0.055304397589691495,False
0.01,15,baseline:D_e_positive,0.3147905593845705,False
0.01,15,baseline:E_parallel_abs,0.23519470890883343,False
0.01,15,baseline:E_prime_magnitude,0.21978324697872298,False
0.01,15,baseline:J_magnitude,0.7218003492927375,False
0.01,15,baseline:Q,0.36766415328920715,False
0.01,15,baseline:pressure_anisotropy_abs,0.15456478997562803,False
0.01,15,nonlinear_invariant,0.5866939692032977,False
0.01,15,sparse_invariant,0.5951843890312245,False
0.01,16,baseline:D_e_abs,0.38920204459680247,False
0.01,16,baseline:D_e_normalized,0.054494248891628315,False
0.01,16,baseline:D_e_positive,0.31805647662940756,False
0.01,16,baseline:E_parallel_abs,0.23483305583347805,False
0.01,16,baseline:E_prime_magnitude,0.2198249836220536,False
0.01,16,baseline:J_magnitude,0.7215431338168026,False
0.01,16,baseline:Q,0.370252001892986,False
0.01,16,baseline:pressure_anisotropy_abs,0.15548841761126803,False
0.01,16,nonlinear_invariant,0.5873304284110935,False
0.01,16,sparse_invariant,0.6140783226103318,False
0.01,17,baseline:D_e_abs,0.3893922689827798,False
0.01,17,baseline:D_e_normalized,0.05634485159388073,False
0.01,17,baseline:D_e_positive,0.3188471176543224,False
0.01,17,baseline:E_parallel_abs,0.23298553521555912,False
0.01,17,baseline:E_prime_magnitude,0.2212153488934012,False
0.01,17,baseline:J_magnitude,0.7207058611211229,False
0.01,17,baseline:Q,0.3684145279092022,False
0.01,17,baseline:pressure_anisotropy_abs,0.15605181059635992,False
0.01,17,nonlinear_invariant,0.5846577506316801,False
0.01,17,sparse_invariant,0.5897075937601742,False
0.01,18,baseline:D_e_abs,0.3860977645476169,False
0.01,18,baseline:D_e_normalized,0.05499502239961699,False
0.01,18,baseline:D_e_positive,0.3187409232734962,False
0.01,18,baseline:E_parallel_abs,0.24325468831812339,False
0.01,18,baseline:E_prime_magnitude,0.220093443410695,False
0.01,18,baseline:J_magnitude,0.7220302407408599,False
0.01,18,baseline:Q,0.35800384027129656,False
0.01,18,baseline:pressure_anisotropy_abs,0.15699203424023636,False
0.01,18,nonlinear_invariant,0.5866802550477443,False
0.01,18,sparse_invariant,0.5972698774096784,False
0.01,19,baseline:D_e_abs,0.38433633187676564,False
0.01,19,baseline:D_e_normalized,0.055020299330106374,False
0.01,19,baseline:D_e_positive,0.3165811597318512,False
0.01,19,baseline:E_parallel_abs,0.23539954979778963,False
0.01,19,baseline:E_prime_magnitude,0.22089856370030844,False
0.01,19,baseline:J_magnitude,0.7207654349682878,False
0.01,19,baseline:Q,0.3699520767531046,False
0.01,19,baseline:pressure_anisotropy_abs,0.15290069162655054,False
0.01,19,nonlinear_invariant,0.5928820488056616,False
0.01,19,sparse_invariant,0.5979505322040728,False
0.01,20,baseline:D_e_abs,0.38903234087204425,False
0.01,20,baseline:D_e_normalized,0.0550073026714863,False
0.01,20,baseline:D_e_positive,0.3162643819663447,False
0.01,20,baseline:E_parallel_abs,0.2374817067907906,False
0.01,20,baseline:E_prime_magnitude,0.22080759369615957,False
0.01,20,baseline:J_magnitude,0.7217678745799511,False
0.01,20,baseline:Q,0.3714671720150912,False
0.01,20,baseline:pressure_anisotropy_abs,0.15366841328615755,False
0.01,20,nonlinear_invariant,0.5754108160823413,False
0.01,20,sparse_invariant,0.5942743240994584,False
0.01,21,baseline:D_e_abs,0.38119326975606055,False
0.01,21,baseline:D_e_normalized,0.053451952392347506,False
0.01,21,baseline:D_e_positive,0.31406930582121156,False
0.01,21,baseline:E_parallel_abs,0.2348069363322013,False
0.01,21,baseline:E_prime_magnitude,0.2179807269755513,False
0.01,21,baseline:J_magnitude,0.7202188897714908,False
0.01,21,baseline:Q,0.3665232872493738,False
0.01,21,baseline:pressure_anisotropy_abs,0.15321121417296152,False
0.01,21,nonlinear_invariant,0.5810210976320516,False
0.01,21,sparse_invariant,0.5971181169844443,False
0.01,22,baseline:D_e_abs,0.3845167152968743,False
0.01,22,baseline:D_e_normalized,0.05567589799114043,False
0.01,22,baseline:D_e_positive,0.3158274443558657,False
0.01,22,baseline:E_parallel_abs,0.2322132670480884,False
0.01,22,baseline:E_prime_magnitude,0.2215927009797821,False
0.01,22,baseline:J_magnitude,0.7212845846943033,False
0.01,22,baseline:Q,0.3678856247795545,False
0.01,22,baseline:pressure_anisotropy_abs,0.15476611937040677,False
0.01,22,nonlinear_invariant,0.56811148809474,False
0.01,22,sparse_invariant,0.5998815302323507,False
0.01,23,baseline:D_e_abs,0.38351124472560777,False
0.01,23,baseline:D_e_normalized,0.05528952959290687,False
0.01,23,baseline:D_e_positive,0.31347169746573694,False
0.01,23,baseline:E_parallel_abs,0.23482145480562203,False
0.01,23,baseline:E_prime_magnitude,0.22046979000631764,False
0.01,23,baseline:J_magnitude,0.7188024951658072,False
0.01,23,baseline:Q,0.36433329052467617,False
0.01,23,baseline:pressure_anisotropy_abs,0.15441391855039224,False
0.01,23,nonlinear_invariant,0.583959499549496,False
0.01,23,sparse_invariant,0.5969093109049707,False
0.01,24,baseline:D_e_abs,0.38895952524500577,False
0.01,24,baseline:D_e_normalized,0.056493901328532554,False
0.01,24,baseline:D_e_positive,0.3184414411422272,False
0.01,24,baseline:E_parallel_abs,0.23528244945554846,False
0.01,24,baseline:E_prime_magnitude,0.2213244886919352,False
0.01,24,baseline:J_magnitude,0.7213985072140922,False
0.01,24,baseline:Q,0.35134877059609004,False
0.01,24,baseline:pressure_anisotropy_abs,0.15508805113823484,False
0.01,24,nonlinear_invariant,0.566719128588901,False
0.01,24,sparse_invariant,0.605145458009595,False
0.01,25,baseline:D_e_abs,0.38691143663182936,False
0.01,25,baseline:D_e_normalized,0.054856730230173616,False
0.01,25,baseline:D_e_positive,0.3162399238434353,False
0.01,25,baseline:E_parallel_abs,0.23214387160670458,False
0.01,25,baseline:E_prime_magnitude,0.22058963195880218,False
0.01,25,baseline:J_magnitude,0.7208030010380312,False
0.01,25,baseline:Q,0.3851116036091533,False
0.01,25,baseline:pressure_anisotropy_abs,0.1550682560331295,False
0.01,25,nonlinear_invariant,0.5743661726129364,False
0.01,25,sparse_invariant,0.6037233998627365,False
0.01,26,baseline:D_e_abs,0.3864151935994448,False
0.01,26,baseline:D_e_normalized,0.05543421958118011,False
0.01,26,baseline:D_e_positive,0.31639145431202925,False
0.01,26,baseline:E_parallel_abs,0.23818868334313992,False
0.01,26,baseline:E_prime_magnitude,0.22136603908289076,False
0.01,26,baseline:J_magnitude,0.7221032486356922,False
0.01,26,baseline:Q,0.3618291665512419,False
0.01,26,baseline:pressure_anisotropy_abs,0.15533709961174316,False
0.01,26,nonlinear_invariant,0.581882010505824,False
0.01,26,sparse_invariant,0.5945321128017181,False
0.01,27,baseline:D_e_abs,0.38525532681745583,False
0.01,27,baseline:D_e_normalized,0.05293323282660595,False
0.01,27,baseline:D_e_positive,0.31415154174424853,False
0.01,27,baseline:E_parallel_abs,0.23625908319946834,False
0.01,27,baseline:E_prime_magnitude,0.2200149251486656,False
0.01,27,baseline:J_magnitude,0.7246729666535715,False
0.01,27,baseline:Q,0.3582350644828732,False
0.01,27,baseline:pressure_anisotropy_abs,0.15290953164909063,False
0.01,27,nonlinear_invariant,0.5804304280225178,False
0.01,27,sparse_invariant,0.5976653866310003,False
0.01,28,baseline:D_e_abs,0.38253132458723044,False
0.01,28,baseline:D_e_normalized,0.05684933178507411,False
0.01,28,baseline:D_e_positive,0.31619776869810534,False
0.01,28,baseline:E_parallel_abs,0.23490607784592965,False
0.01,28,baseline:E_prime_magnitude,0.21900069138047565,False
0.01,28,baseline:J_magnitude,0.7168993425736209,False
0.01,28,baseline:Q,0.35939434287233823,False
0.01,28,baseline:pressure_anisotropy_abs,0.15567191724691584,False
0.01,28,nonlinear_invariant,0.5807498806767504,False
0.01,28,sparse_invariant,0.5989605121523472,False
0.01,29,baseline:D_e_abs,0.38702262822687966,False
0.01,29,baseline:D_e_normalized,0.055217021619984756,False
0.01,29,baseline:D_e_positive,0.31947113931888554,False
0.01,29,baseline:E_parallel_abs,0.23232192000215812,False
0.01,29,baseline:E_prime_magnitude,0.2185831118899141,False
0.01,29,baseline:J_magnitude,0.7220071429682303,False
0.01,29,baseline:Q,0.3560116683284363,False
0.01,29,baseline:pressure_anisotropy_abs,0.15390767860116825,False
0.01,29,nonlinear_invariant,0.5717927415493725,False
0.01,29,sparse_invariant,0.602799419240262,False
0.01,30,baseline:D_e_abs,0.382248848371975,False
0.01,30,baseline:D_e_normalized,0.05439599839973702,False
0.01,30,baseline:D_e_positive,0.3159945523173721,False
0.01,30,baseline:E_parallel_abs,0.23849554967081396,False
0.01,30,baseline:E_prime_magnitude,0.22304345405749634,False
0.01,30,baseline:J_magnitude,0.7220023869910076,False
0.01,30,baseline:Q,0.36789503961173303,False
0.01,30,baseline:pressure_anisotropy_abs,0.1563323700717051,False
0.01,30,nonlinear_invariant,0.5757062103106364,False
0.01,30,sparse_invariant,0.5989870033533364,False
0.01,31,baseline:D_e_abs,0.3845653506680089,False
0.01,31,baseline:D_e_normalized,0.05543764120123895,False
0.01,31,baseline:D_e_positive,0.31692909124949503,False
0.01,31,baseline:E_parallel_abs,0.2338591473484547,False
0.01,31,baseline:E_prime_magnitude,0.22232229314658755,False
0.01,31,baseline:J_magnitude,0.7221201430084686,False
0.01,31,baseline:Q,0.3674397443092068,False
0.01,31,baseline:pressure_anisotropy_abs,0.15429613322171587,False
0.01,31,nonlinear_invariant,0.5755559064240436,False
0.01,31,sparse_invariant,0.6039677889008213,False
0.01,32,baseline:D_e_abs,0.38627673401381046,False
0.01,32,baseline:D_e_normalized,0.05399292580877057,False
0.01,32,baseline:D_e_positive,0.31723179834491566,False
0.01,32,baseline:E_parallel_abs,0.23134323072904797,False
0.01,32,baseline:E_prime_magnitude,0.21850579443490395,False
0.01,32,baseline:J_magnitude,0.7204662451669167,False
0.01,32,baseline:Q,0.3646818685424847,False
0.01,32,baseline:pressure_anisotropy_abs,0.1533273389670078,False
0.01,32,nonlinear_invariant,0.5742910008745693,False
0.01,32,sparse_invariant,0.5991720563706989,False
0.01,33,baseline:D_e_abs,0.38896930824999226,False
0.01,33,baseline:D_e_normalized,0.055734576829509275,False
0.01,33,baseline:D_e_positive,0.31725392618122067,False
0.01,33,baseline:E_parallel_abs,0.23194528644638224,False
0.01,33,baseline:E_prime_magnitude,0.21999076041509433,False
0.01,33,baseline:J_magnitude,0.7202629690309337,False
0.01,33,baseline:Q,0.36084221069174416,False
0.01,33,baseline:pressure_anisotropy_abs,0.15452494279617077,False
0.01,33,nonlinear_invariant,0.5845464953465197,False
0.01,33,sparse_invariant,0.6040852940208074,False
0.01,34,baseline:D_e_abs,0.3880020258863057,False
0.01,34,baseline:D_e_normalized,0.05581579203308715,False
0.01,34,baseline:D_e_positive,0.31787249592477235,False
0.01,34,baseline:E_parallel_abs,0.2343511409138654,False
0.01,34,baseline:E_prime_magnitude,0.2218707350628356,False
0.01,34,baseline:J_magnitude,0.7188970722530037,False
0.01,34,baseline:Q,0.35337995131506833,False
0.01,34,baseline:pressure_anisotropy_abs,0.15185184129368118,False
0.01,34,nonlinear_invariant,0.587696238156196,False
0.01,34,sparse_invariant,0.6048971671054836,False
0.01,35,baseline:D_e_abs,0.3878509661925045,False
0.01,35,baseline:D_e_normalized,0.05484917412053051,False
0.01,35,baseline:D_e_positive,0.3169943762861666,False
0.01,35,baseline:E_parallel_abs,0.23532812801728775,False
0.01,35,baseline:E_prime_magnitude,0.2185051192601439,False
0.01,35,baseline:J_magnitude,0.7214232221889567,False
0.01,35,baseline:Q,0.3636721147950103,False
0.01,35,baseline:pressure_anisotropy_abs,0.15644195136110137,False
0.01,35,nonlinear_invariant,0.5851084101862104,False
0.01,35,sparse_invariant,0.5920358916032978,False
0.01,36,baseline:D_e_abs,0.38571654177477394,False
0.01,36,baseline:D_e_normalized,0.05521446868655422,False
0.01,36,baseline:D_e_positive,0.3159377394900647,False
0.01,36,baseline:E_parallel_abs,0.23386201877362653,False
0.01,36,baseline:E_prime_magnitude,0.22146282837002917,False
0.01,36,baseline:J_magnitude,0.7202347607341669,False
0.01,36,baseline:Q,0.37801478824021156,False
0.01,36,baseline:pressure_anisotropy_abs,0.1567954839797082,False
0.01,36,nonlinear_invariant,0.5853578604337575,False
0.01,36,sparse_invariant,0.6017405633305742,False
0.01,37,baseline:D_e_abs,0.3868741709308537,False
0.01,37,baseline:D_e_normalized,0.05713299229015301,False
0.01,37,baseline:D_e_positive,0.31694772670090215,False
0.01,37,baseline:E_parallel_abs,0.24331076181505762,False
0.01,37,baseline:E_prime_magnitude,0.2202934425183349,False
0.01,37,baseline:J_magnitude,0.7191701054403928,False
0.01,37,baseline:Q,0.3716316640972879,False
0.01,37,baseline:pressure_anisotropy_abs,0.15665350449716622,False
0.01,37,nonlinear_invariant,0.5798355844710344,False
0.01,37,sparse_invariant,0.5967715133533713,False
0.01,38,baseline:D_e_abs,0.3834191575561942,False
0.01,38,baseline:D_e_normalized,0.055088162409523495,False
0.01,38,baseline:D_e_positive,0.3148189934925896,False
0.01,38,baseline:E_parallel_abs,0.23104142991556775,False
0.01,38,baseline:E_prime_magnitude,0.21987512085159322,False
0.01,38,baseline:J_magnitude,0.7204866420565855,False
0.01,38,baseline:Q,0.3575926430085181,False
0.01,38,baseline:pressure_anisotropy_abs,0.1535697579847197,False
0.01,38,nonlinear_invariant,0.582077565229349,False
0.01,38,sparse_invariant,0.5902988970611304,False
0.01,39,baseline:D_e_abs,0.383649760404196,False
0.01,39,baseline:D_e_normalized,0.05516306193025741,False
0.01,39,baseline:D_e_positive,0.31531278839543814,False
0.01,39,baseline:E_parallel_abs,0.23367640758280384,False
0.01,39,baseline:E_prime_magnitude,0.22081243474069978,False
0.01,39,baseline:J_magnitude,0.7201343809921782,False
0.01,39,baseline:Q,0.3566965105133469,False
0.01,39,baseline:pressure_anisotropy_abs,0.15515743569128443,False
0.01,39,nonlinear_invariant,0.575407803582703,False
0.01,39,sparse_invariant,0.5953096421747742,False
0.01,40,baseline:D_e_abs,0.3865524940580198,False
0.01,40,baseline:D_e_normalized,0.055774729219037145,False
0.01,40,baseline:D_e_positive,0.3152251409830356,False
0.01,40,baseline:E_parallel_abs,0.23825767115246368,False
0.01,40,baseline:E_prime_magnitude,0.22248838119514322,False
0.01,40,baseline:J_magnitude,0.7230611169361372,False
0.01,40,baseline:Q,0.3711784117227926,False
0.01,40,baseline:pressure_anisotropy_abs,0.15286578714524826,False
0.01,40,nonlinear_invariant,0.5885571089802784,False
0.01,40,sparse_invariant,0.5939408313390383,False
0.01,41,baseline:D_e_abs,0.3885429243948659,False
0.01,41,baseline:D_e_normalized,0.05593981899779423,False
0.01,41,baseline:D_e_positive,0.3160777289452548,False
0.01,41,baseline:E_parallel_abs,0.23555775765673617,False
0.01,41,baseline:E_prime_magnitude,0.221311965068938,False
0.01,41,baseline:J_magnitude,0.7191128990547923,False
0.01,41,baseline:Q,0.35801292665662693,False
0.01,41,baseline:pressure_anisotropy_abs,0.15417836920676933,False
0.01,41,nonlinear_invariant,0.589886451815284,False
0.01,41,sparse_invariant,0.5980601856385417,False
0.01,42,baseline:D_e_abs,0.38351811642274564,False
0.01,42,baseline:D_e_normalized,0.05692713157381496,False
0.01,42,baseline:D_e_positive,0.31350891458839253,False
0.01,42,baseline:E_parallel_abs,0.23567265201260826,False
0.01,42,baseline:E_prime_magnitude,0.22055499783635482,False
0.01,42,baseline:J_magnitude,0.7211978043159352,False
0.01,42,baseline:Q,0.35863516076676466,False
0.01,42,baseline:pressure_anisotropy_abs,0.15563170009732138,False
0.01,42,nonlinear_invariant,0.5776553112745239,False
0.01,42,sparse_invariant,0.5965547462314021,False
0.01,43,baseline:D_e_abs,0.3861024923572622,False
0.01,43,baseline:D_e_normalized,0.05554325760196652,False
0.01,43,baseline:D_e_positive,0.31497301577633746,False
0.01,43,baseline:E_parallel_abs,0.23210707910911801,False
0.01,43,baseline:E_prime_magnitude,0.22037216617756228,False
0.01,43,baseline:J_magnitude,0.7195012488077599,False
0.01,43,baseline:Q,0.3594635436249743,False
0.01,43,baseline:pressure_anisotropy_abs,0.1531650337132898,False
0.01,43,nonlinear_invariant,0.5744673266248935,False
0.01,43,sparse_invariant,0.5972586417719901,False
0.01,44,baseline:D_e_abs,0.3816334727789847,False
0.01,44,baseline:D_e_normalized,0.05581039452005168,False
0.01,44,baseline:D_e_positive,0.3146341313601416,False
0.01,44,baseline:E_parallel_abs,0.23300830365736133,False
0.01,44,baseline:E_prime_magnitude,0.21802149273002333,False
0.01,44,baseline:J_magnitude,0.7189059143495493,False
0.01,44,baseline:Q,0.37464022163022453,False
0.01,44,baseline:pressure_anisotropy_abs,0.15659336231881807,False
0.01,44,nonlinear_invariant,0.574408092734845,False
0.01,44,sparse_invariant,0.6074356787744848,False
0.01,45,baseline:D_e_abs,0.38618720084797814,False
0.01,45,baseline:D_e_normalized,0.05560931007469158,False
0.01,45,baseline:D_e_positive,0.3168378561573251,False
0.01,45,baseline:E_parallel_abs,0.23699985836881912,False
0.01,45,baseline:E_prime_magnitude,0.21863204896146218,False
0.01,45,baseline:J_magnitude,0.7221754648808706,False
0.01,45,baseline:Q,0.36204407027614377,False
0.01,45,baseline:pressure_anisotropy_abs,0.1558182974023624,False
0.01,45,nonlinear_invariant,0.5728214571636571,False
0.01,45,sparse_invariant,0.5838198455859389,False
0.01,46,baseline:D_e_abs,0.3830312196370038,False
0.01,46,baseline:D_e_normalized,0.0556197690757704,False
0.01,46,baseline:D_e_positive,0.3142545913207675,False
0.01,46,baseline:E_parallel_abs,0.23137635937991893,False
0.01,46,baseline:E_prime_magnitude,0.21992183469807836,False
0.01,46,baseline:J_magnitude,0.7212195398646548,False
0.01,46,baseline:Q,0.36155799528312577,False
0.01,46,baseline:pressure_anisotropy_abs,0.1543118291259738,False
0.01,46,nonlinear_invariant,0.5826673860244994,False
0.01,46,sparse_invariant,0.6044034830652576,False
0.01,47,baseline:D_e_abs,0.3847792784534932,False
0.01,47,baseline:D_e_normalized,0.05379581874942422,False
0.01,47,baseline:D_e_positive,0.31446564191419507,False
0.01,47,baseline:E_parallel_abs,0.2355241493461847,False
0.01,47,baseline:E_prime_magnitude,0.22017995326834247,False
0.01,47,baseline:J_magnitude,0.7189599465250279,False
0.01,47,baseline:Q,0.3781050726533642,False
0.01,47,baseline:pressure_anisotropy_abs,0.1556464572577624,False
0.01,47,nonlinear_invariant,0.5741290259150896,False
0.01,47,sparse_invariant,0.5947777065561031,False
0.01,48,baseline:D_e_abs,0.38723530897202885,False
0.01,48,baseline:D_e_normalized,0.05487983206976093,False
0.01,48,baseline:D_e_positive,0.3175623290674757,False
0.01,48,baseline:E_parallel_abs,0.23254999285082464,False
0.01,48,baseline:E_prime_magnitude,0.22020736391917664,False
0.01,48,baseline:J_magnitude,0.7201138843472964,False
0.01,48,baseline:Q,0.3625504034884974,False
0.01,48,baseline:pressure_anisotropy_abs,0.15443844362280465,False
0.01,48,nonlinear_invariant,0.5721047502705139,False
0.01,48,sparse_invariant,0.5923293742931409,False
0.01,49,baseline:D_e_abs,0.38505999656056206,False
0.01,49,baseline:D_e_normalized,0.05500869704403574,False
0.01,49,baseline:D_e_positive,0.31689930235392544,False
0.01,49,baseline:E_parallel_abs,0.23897492243908758,False
0.01,49,baseline:E_prime_magnitude,0.22047978674077484,False
0.01,49,baseline:J_magnitude,0.7209033526627877,False
0.01,49,baseline:Q,0.3499410978296071,False
0.01,49,baseline:pressure_anisotropy_abs,0.15488888698877024,False
0.01,49,nonlinear_invariant,0.5764374127265839,False
0.01,49,sparse_invariant,0.5961727822783823,False
0.02,0,baseline:D_e_abs,0.384636247946772,False
0.02,0,baseline:D_e_normalized,0.055485654195268026,False
0.02,0,baseline:D_e_positive,0.3158970543832887,False
0.02,0,baseline:E_parallel_abs,0.23674376959226118,False
0.02,0,baseline:E_prime_magnitude,0.217483131377931,False
0.02,0,baseline:J_magnitude,0.7211775497046,False
0.02,0,baseline:Q,0.26329127403058433,False
0.02,0,baseline:pressure_anisotropy_abs,0.15686404105571575,False
0.02,0,nonlinear_invariant,0.5470881998124697,False
0.02,0,sparse_invariant,0.5679337554236896,False
0.02,1,baseline:D_e_abs,0.3898751225570128,False
0.02,1,baseline:D_e_normalized,0.057836056255829625,False
0.02,1,baseline:D_e_positive,0.32235145883667743,False
0.02,1,baseline:E_parallel_abs,0.2333498327415885,False
0.02,1,baseline:E_prime_magnitude,0.2189546401041184,False
0.02,1,baseline:J_magnitude,0.7211162227855014,False
0.02,1,baseline:Q,0.27079092313863945,False
0.02,1,baseline:pressure_anisotropy_abs,0.15392692627597693,False
0.02,1,nonlinear_invariant,0.5485358743060499,False
0.02,1,sparse_invariant,0.5658860638573381,False
0.02,2,baseline:D_e_abs,0.3802179744050959,False
0.02,2,baseline:D_e_normalized,0.05482999682773384,False
0.02,2,baseline:D_e_positive,0.3128460127291261,False
0.02,2,baseline:E_parallel_abs,0.23347727459022738,False
0.02,2,baseline:E_prime_magnitude,0.22037726745162464,False
0.02,2,baseline:J_magnitude,0.7135000316284272,False
0.02,2,baseline:Q,0.28295208167580743,False
0.02,2,baseline:pressure_anisotropy_abs,0.15390648930441306,False
0.02,2,nonlinear_invariant,0.5765736749922034,False
0.02,2,sparse_invariant,0.5577088229437996,False
0.02,3,baseline:D_e_abs,0.3890721285703855,False
0.02,3,baseline:D_e_normalized,0.05553413628200642,False
0.02,3,baseline:D_e_positive,0.3156842376356377,False
0.02,3,baseline:E_parallel_abs,0.23761741616309262,False
0.02,3,baseline:E_prime_magnitude,0.2224737232471211,False
0.02,3,baseline:J_magnitude,0.7229328897375779,False
0.02,3,baseline:Q,0.2705127304634907,False
0.02,3,baseline:pressure_anisotropy_abs,0.1550996932646932,False
0.02,3,nonlinear_invariant,0.5502111656664181,False
0.02,3,sparse_invariant,0.5661760866460506,False
0.02,4,baseline:D_e_abs,0.38830839783444343,False
0.02,4,baseline:D_e_normalized,0.05564683715762691,False
0.02,4,baseline:D_e_positive,0.31838832583694326,False
0.02,4,baseline:E_parallel_abs,0.2358064636896311,False
0.02,4,baseline:E_prime_magnitude,0.22316267816847987,False
0.02,4,baseline:J_magnitude,0.7234716125217143,False
0.02,4,baseline:Q,0.285980628994407,False
0.02,4,baseline:pressure_anisotropy_abs,0.15428271567712418,False
0.02,4,nonlinear_invariant,0.5459731241299842,False
0.02,4,sparse_invariant,0.5662347209407277,False
0.02,5,baseline:D_e_abs,0.3872667608057994,False
0.02,5,baseline:D_e_normalized,0.05586522839639435,False
0.02,5,baseline:D_e_positive,0.31700582407553174,False
0.02,5,baseline:E_parallel_abs,0.24022950038298238,False
0.02,5,baseline:E_prime_magnitude,0.21974661892151903,False
0.02,5,baseline:J_magnitude,0.7191876762130108,False
0.02,5,baseline:Q,0.2819429563769588,False
0.02,5,baseline:pressure_anisotropy_abs,0.15407835302095285,False
0.02,5,nonlinear_invariant,0.5649840202934856,False
0.02,5,sparse_invariant,0.5635099278483751,False
0.02,6,baseline:D_e_abs,0.38914948057476334,False
0.02,6,baseline:D_e_normalized,0.05762697661926989,False
0.02,6,baseline:D_e_positive,0.31783317774166925,False
0.02,6,baseline:E_parallel_abs,0.23455521386798717,False
0.02,6,baseline:E_prime_magnitude,0.21730031135988323,False
0.02,6,baseline:J_magnitude,0.7135144361788835,False
0.02,6,baseline:Q,0.2771019849858974,False
0.02,6,baseline:pressure_anisotropy_abs,0.15646128004600354,False
0.02,6,nonlinear_invariant,0.552551591600964,False
0.02,6,sparse_invariant,0.5584522994360056,False
0.02,7,baseline:D_e_abs,0.38827210349403535,False
0.02,7,baseline:D_e_normalized,0.055957393236757046,False
0.02,7,baseline:D_e_positive,0.31805391049996806,False
0.02,7,baseline:E_parallel_abs,0.23615253564907043,False
0.02,7,baseline:E_prime_magnitude,0.217278208032576,False
0.02,7,baseline:J_magnitude,0.715953212793389,False
0.02,7,baseline:Q,0.2817433513192937,False
0.02,7,baseline:pressure_anisotropy_abs,0.15493528904639334,False
0.02,7,nonlinear_invariant,0.5636111439451609,False
0.02,7,sparse_invariant,0.5650860410702193,False
0.02,8,baseline:D_e_abs,0.3902611216411829,False
0.02,8,baseline:D_e_normalized,0.057075487158355136,False
0.02,8,baseline:D_e_positive,0.3181395549529012,False
0.02,8,baseline:E_parallel_abs,0.2337307530004675,False
0.02,8,baseline:E_prime_magnitude,0.2172592895647397,False
0.02,8,baseline:J_magnitude,0.7196753674740849,False
0.02,8,baseline:Q,0.2772684734735359,False
0.02,8,baseline:pressure_anisotropy_abs,0.16041311284265525,False
0.02,8,nonlinear_invariant,0.56082794048525,False
0.02,8,sparse_invariant,0.551424988493357,False
0.02,9,baseline:D_e_abs,0.38390379496236804,False
0.02,9,baseline:D_e_normalized,0.055503771261198896,False
0.02,9,baseline:D_e_positive,0.31707282544404675,False
0.02,9,baseline:E_parallel_abs,0.23020383851903758,False
0.02,9,baseline:E_prime_magnitude,0.21825285789730645,False
0.02,9,baseline:J_magnitude,0.7162862110212725,False
0.02,9,baseline:Q,0.27472090110104647,False
0.02,9,baseline:pressure_anisotropy_abs,0.1542355001976153,False
0.02,9,nonlinear_invariant,0.5650174274700929,False
0.02,9,sparse_invariant,0.5770205563703803,False
0.02,10,baseline:D_e_abs,0.38542544357650893,False
0.02,10,baseline:D_e_normalized,0.05262255910946844,False
0.02,10,baseline:D_e_positive,0.3179625788979113,False
0.02,10,baseline:E_parallel_abs,0.23507635488579415,False
0.02,10,baseline:E_prime_magnitude,0.21856266753694042,False
0.02,10,baseline:J_magnitude,0.7191038847504813,False
0.02,10,baseline:Q,0.25827229952457703,False
0.02,10,baseline:pressure_anisotropy_abs,0.15408258527258942,False
0.02,10,nonlinear_invariant,0.5537617590060505,False
0.02,10,sparse_invariant,0.5603932317587756,False
0.02,11,baseline:D_e_abs,0.3843292665395385,False
0.02,11,baseline:D_e_normalized,0.05608427362679624,False
0.02,11,baseline:D_e_positive,0.318609057447329,False
0.02,11,baseline:E_parallel_abs,0.2426209312120764,False
0.02,11,baseline:E_prime_magnitude,0.22063921335496192,False
0.02,11,baseline:J_magnitude,0.7141682319288609,False
0.02,11,baseline:Q,0.25574702994580856,False
0.02,11,baseline:pressure_anisotropy_abs,0.15529227551755112,False
0.02,11,nonlinear_invariant,0.567118199487997,False
0.02,11,sparse_invariant,0.5377424230541689,False
0.02,12,baseline:D_e_abs,0.38412533497797935,False
0.02,12,baseline:D_e_normalized,0.05444599024103421,False
0.02,12,baseline:D_e_positive,0.31475755432907665,False
0.02,12,baseline:E_parallel_abs,0.23477430140448374,False
0.02,12,baseline:E_prime_magnitude,0.22079584608486202,False
0.02,12,baseline:J_magnitude,0.7153189904585221,False
0.02,12,baseline:Q,0.28816288574055754,False
0.02,12,baseline:pressure_anisotropy_abs,0.15551562520923137,False
0.02,12,nonlinear_invariant,0.5621079920788037,False
0.02,12,sparse_invariant,0.5646790271761694,False
0.02,13,baseline:D_e_abs,0.3856979463776104,False
0.02,13,baseline:D_e_normalized,0.0548519372724903,False
0.02,13,baseline:D_e_positive,0.3172522929363587,False
0.02,13,baseline:E_parallel_abs,0.22624886067569416,False
0.02,13,baseline:E_prime_magnitude,0.21890226827166195,False
0.02,13,baseline:J_magnitude,0.7212318398120421,False
0.02,13,baseline:Q,0.2888809881788899,False
0.02,13,baseline:pressure_anisotropy_abs,0.15633337415472104,False
0.02,13,nonlinear_invariant,0.5748757611555085,False
0.02,13,sparse_invariant,0.5627840013415685,False
0.02,14,baseline:D_e_abs,0.38787090384249057,False
0.02,14,baseline:D_e_normalized,0.05613640511451549,False
0.02,14,baseline:D_e_positive,0.31666261346575497,False
0.02,14,baseline:E_parallel_abs,0.24122899149729904,False
0.02,14,baseline:E_prime_magnitude,0.22337922693453824,False
0.02,14,baseline:J_magnitude,0.7159869738117891,False
0.02,14,baseline:Q,0.270599595909418,False
0.02,14,baseline:pressure_anisotropy_abs,0.15444047011858236,False
0.02,14,nonlinear_invariant,0.5692024655755364,False
0.02,14,sparse_invariant,0.5627178986500894,False
0.02,15,baseline:D_e_abs,0.3808493436562906,False
0.02,15,baseline:D_e_normalized,0.05676577380263426,False
0.02,15,baseline:D_e_positive,0.31344850645033867,False
0.02,15,baseline:E_parallel_abs,0.23246667674378108,False
0.02,15,baseline:E_prime_magnitude,0.22080573933025152,False
0.02,15,baseline:J_magnitude,0.7182225179633366,False
0.02,15,baseline:Q,0.26420521666523317,False
0.02,15,baseline:pressure_anisotropy_abs,0.15397896780155043,False
0.02,15,nonlinear_invariant,0.5597552363646358,False
0.02,15,sparse_invariant,0.5494001652875853,False
0.02,16,baseline:D_e_abs,0.37901079531427456,False
0.02,16,baseline:D_e_normalized,0.05422923245161254,False
0.02,16,baseline:D_e_positive,0.31415416205819263,False
0.02,16,baseline:E_parallel_abs,0.2380917684414491,False
0.02,16,baseline:E_prime_magnitude,0.22205192311494945,False
0.02,16,baseline:J_magnitude,0.7207851135135414,False
0.02,16,baseline:Q,0.2619530031199002,False
0.02,16,baseline:pressure_anisotropy_abs,0.1528469737303867,False
0.02,16,nonlinear_invariant,0.5480308730330757,False
0.02,16,sparse_invariant,0.545187461829094,False
0.02,17,baseline:D_e_abs,0.3883098793893766,False
0.02,17,baseline:D_e_normalized,0.055065894190898655,False
0.02,17,baseline:D_e_positive,0.31740456169469217,False
0.02,17,baseline:E_parallel_abs,0.23695027302323415,False
0.02,17,baseline:E_prime_magnitude,0.21859985627292375,False
0.02,17,baseline:J_magnitude,0.7231203930483439,False
0.02,17,baseline:Q,0.29083760836588174,False
0.02,17,baseline:pressure_anisotropy_abs,0.15566653647647563,False
0.02,17,nonlinear_invariant,0.5684795826879374,False
0.02,17,sparse_invariant,0.5710204508660769,False
0.02,18,baseline:D_e_abs,0.3869192741038037,False
0.02,18,baseline:D_e_normalized,0.056608222813589966,False
0.02,18,baseline:D_e_positive,0.31709910599842994,False
0.02,18,baseline:E_parallel_abs,0.24434702143884288,False
0.02,18,baseline:E_prime_magnitude,0.21722610108957283,False
0.02,18,baseline:J_magnitude,0.7169503379023907,False
0.02,18,baseline:Q,0.2592377945202476,False
0.02,18,baseline:pressure_anisotropy_abs,0.1522316775778992,False
0.02,18,nonlinear_invariant,0.5560998863297265,False
0.02,18,sparse_invariant,0.5545692287769154,False
0.02,19,baseline:D_e_abs,0.3904297556507202,False
0.02,19,baseline:D_e_normalized,0.05931029727612588,False
0.02,19,baseline:D_e_positive,0.31114002211318825,False
0.02,19,baseline:E_parallel_abs,0.2298899448456739,False
0.02,19,baseline:E_prime_magnitude,0.2184194949601639,False
0.02,19,baseline:J_magnitude,0.7172313827103052,False
0.02,19,baseline:Q,0.27385957520427556,False
0.02,19,baseline:pressure_anisotropy_abs,0.1529528159061044,False
0.02,19,nonlinear_invariant,0.573478498414274,False
0.02,19,sparse_invariant,0.5704253962608495,False
0.02,20,baseline:D_e_abs,0.39099217107027145,False
0.02,20,baseline:D_e_normalized,0.056411846963036666,False
0.02,20,baseline:D_e_positive,0.32049752436565737,False
0.02,20,baseline:E_parallel_abs,0.2378634060439552,False
0.02,20,baseline:E_prime_magnitude,0.22041712692354318,False
0.02,20,baseline:J_magnitude,0.719898012747841,False
0.02,20,baseline:Q,0.28645986803028556,False
0.02,20,baseline:pressure_anisotropy_abs,0.15230983856506972,False
0.02,20,nonlinear_invariant,0.5678618324466106,False
0.02,20,sparse_invariant,0.5510171906498178,False
0.02,21,baseline:D_e_abs,0.3916761962920739,False
0.02,21,baseline:D_e_normalized,0.0556322390351322,False
0.02,21,baseline:D_e_positive,0.3178764934798622,False
0.02,21,baseline:E_parallel_abs,0.23739365333074403,False
0.02,21,baseline:E_prime_magnitude,0.21944003474775395,False
0.02,21,baseline:J_magnitude,0.7251308987070297,False
0.02,21,baseline:Q,0.28194689030435044,False
0.02,21,baseline:pressure_anisotropy_abs,0.15472326392771277,False
0.02,21,nonlinear_invariant,0.5678517711662916,False
0.02,21,sparse_invariant,0.5458733173280932,False
0.02,22,baseline:D_e_abs,0.3828868951202438,False
0.02,22,baseline:D_e_normalized,0.0558674274813227,False
0.02,22,baseline:D_e_positive,0.31509493829402235,False
0.02,22,baseline:E_parallel_abs,0.23625472581002535,False
0.02,22,baseline:E_prime_magnitude,0.21625084783415985,False
0.02,22,baseline:J_magnitude,0.7159749194784147,False
0.02,22,baseline:Q,0.2796912300823816,False
0.02,22,baseline:pressure_anisotropy_abs,0.1577918916179988,False
0.02,22,nonlinear_invariant,0.5534137651718479,False
0.02,22,sparse_invariant,0.5440931406408868,False
0.02,23,baseline:D_e_abs,0.3853818198051718,False
0.02,23,baseline:D_e_normalized,0.05416190176009338,False
0.02,23,baseline:D_e_positive,0.3083839324952256,False
0.02,23,baseline:E_parallel_abs,0.23967116406831443,False
0.02,23,baseline:E_prime_magnitude,0.2186268123754903,False
0.02,23,baseline:J_magnitude,0.7194944141403526,False
0.02,23,baseline:Q,0.27567152352167795,False
0.02,23,baseline:pressure_anisotropy_abs,0.1571175746582111,False
0.02,23,nonlinear_invariant,0.5635788253113626,False
0.02,23,sparse_invariant,0.567613657493654,False
0.02,24,baseline:D_e_abs,0.3849020919181219,False
0.02,24,baseline:D_e_normalized,0.05517790127941352,False
0.02,24,baseline:D_e_positive,0.31614774999501083,False
0.02,24,baseline:E_parallel_abs,0.23678262291809596,False
0.02,24,baseline:E_prime_magnitude,0.2199087274729543,False
0.02,24,baseline:J_magnitude,0.7173380819982459,False
0.02,24,baseline:Q,0.27126845698612173,False
0.02,24,baseline:pressure_anisotropy_abs,0.15616878560254155,False
0.02,24,nonlinear_invariant,0.5546337877769457,False
0.02,24,sparse_invariant,0.5681274407716955,False
0.02,25,baseline:D_e_abs,0.38503164453802713,False
0.02,25,baseline:D_e_normalized,0.05544820895610395,False
0.02,25,baseline:D_e_positive,0.313373681296685,False
0.02,25,baseline:E_parallel_abs,0.2367190930508567,False
0.02,25,baseline:E_prime_magnitude,0.2195874206804902,False
0.02,25,baseline:J_magnitude,0.7214523257241084,False
0.02,25,baseline:Q,0.2607736746254798,False
0.02,25,baseline:pressure_anisotropy_abs,0.1533871251560218,False
0.02,25,nonlinear_invariant,0.5614774289568675,False
0.02,25,sparse_invariant,0.5391443709200002,False
0.02,26,baseline:D_e_abs,0.3810501930833951,False
0.02,26,baseline:D_e_normalized,0.05547850686830887,False
0.02,26,baseline:D_e_positive,0.3118623521251907,False
0.02,26,baseline:E_parallel_abs,0.23652217488978952,False
0.02,26,baseline:E_prime_magnitude,0.2230987238131884,False
0.02,26,baseline:J_magnitude,0.721135526515352,False
0.02,26,baseline:Q,0.2570239798566026,False
0.02,26,baseline:pressure_anisotropy_abs,0.15655514904677983,False
0.02,26,nonlinear_invariant,0.5547721404628458,False
0.02,26,sparse_invariant,0.5738409584887504,False
0.02,27,baseline:D_e_abs,0.38395464021043463,False
0.02,27,baseline:D_e_normalized,0.05511736905395698,False
0.02,27,baseline:D_e_positive,0.3141754781528267,False
0.02,27,baseline:E_parallel_abs,0.23335746237614266,False
0.02,27,baseline:E_prime_magnitude,0.21865545891913019,False
0.02,27,baseline:J_magnitude,0.7239868912166671,False
0.02,27,baseline:Q,0.284794051176268,False
0.02,27,baseline:pressure_anisotropy_abs,0.15652956904937462,False
0.02,27,nonlinear_invariant,0.5731791594990934,False
0.02,27,sparse_invariant,0.5560732595337355,False
0.02,28,baseline:D_e_abs,0.3846727170231228,False
0.02,28,baseline:D_e_normalized,0.05382433648381094,False
0.02,28,baseline:D_e_positive,0.3160982423795592,False
0.02,28,baseline:E_parallel_abs,0.234784410273307,False
0.02,28,baseline:E_prime_magnitude,0.22091165616290306,False
0.02,28,baseline:J_magnitude,0.7202084685947981,False
0.02,28,baseline:Q,0.2554340856228443,False
0.02,28,baseline:pressure_anisotropy_abs,0.15684415613965288,False
0.02,28,nonlinear_invariant,0.563983181397738,False
0.02,28,sparse_invariant,0.55397576711275,False
0.02,29,baseline:D_e_abs,0.38877983034024827,False
0.02,29,baseline:D_e_normalized,0.05716288683678116,False
0.02,29,baseline:D_e_positive,0.3184856807426377,False
0.02,29,baseline:E_parallel_abs,0.23839259158477955,False
0.02,29,baseline:E_prime_magnitude,0.22287073568209412,False
0.02,29,baseline:J_magnitude,0.7170356428239838,False
0.02,29,baseline:Q,0.2795231008913037,False
0.02,29,baseline:pressure_anisotropy_abs,0.15601966718434399,False
0.02,29,nonlinear_invariant,0.555855918009042,False
0.02,29,sparse_invariant,0.5691838002735938,False
0.02,30,baseline:D_e_abs,0.3824491156503334,False
0.02,30,baseline:D_e_normalized,0.05603280114147644,False
0.02,30,baseline:D_e_positive,0.3152648218663259,False
0.02,30,baseline:E_parallel_abs,0.2295898531577895,False
0.02,30,baseline:E_prime_magnitude,0.21793262311497566,False
0.02,30,baseline:J_magnitude,0.723339059580996,False
0.02,30,baseline:Q,0.26242056501904204,False
0.02,30,baseline:pressure_anisotropy_abs,0.15631315560002282,False
0.02,30,nonlinear_invariant,0.5508771478857953,False
0.02,30,sparse_invariant,0.5551294023682248,False
0.02,31,baseline:D_e_abs,0.38990685476808107,False
0.02,31,baseline:D_e_normalized,0.054648545703839736,False
0.02,31,baseline:D_e_positive,0.3221129930578189,False
0.02,31,baseline:E_parallel_abs,0.2291825277789018,False
0.02,31,baseline:E_prime_magnitude,0.2170015324474515,False
0.02,31,baseline:J_magnitude,0.7180185481773965,False
0.02,31,baseline:Q,0.27490564832234404,False
0.02,31,baseline:pressure_anisotropy_abs,0.15622986263028882,False
0.02,31,nonlinear_invariant,0.5687203731066413,False
0.02,31,sparse_invariant,0.5511307040725567,False
0.02,32,baseline:D_e_abs,0.38818908602383234,False
0.02,32,baseline:D_e_normalized,0.056100832726197813,False
0.02,32,baseline:D_e_positive,0.3164206275594284,False
0.02,32,baseline:E_parallel_abs,0.23992846858057704,False
0.02,32,baseline:E_prime_magnitude,0.2212865380391225,False
0.02,32,baseline:J_magnitude,0.7187056320660918,False
0.02,32,baseline:Q,0.26976871464724633,False
0.02,32,baseline:pressure_anisotropy_abs,0.15610811259142265,False
0.02,32,nonlinear_invariant,0.5746554070636277,False
0.02,32,sparse_invariant,0.552156277390281,False
0.02,33,baseline:D_e_abs,0.3881276761484058,False
0.02,33,baseline:D_e_normalized,0.0552603406944721,False
0.02,33,baseline:D_e_positive,0.32235073542288056,False
0.02,33,baseline:E_parallel_abs,0.23029931299640516,False
0.02,33,baseline:E_prime_magnitude,0.21916162266765216,False
0.02,33,baseline:J_magnitude,0.7165935181233757,False
0.02,33,baseline:Q,0.2787409702830535,False
0.02,33,baseline:pressure_anisotropy_abs,0.1520656382588009,False
0.02,33,nonlinear_invariant,0.5684220585360616,False
0.02,33,sparse_invariant,0.5746982698573192,False
0.02,34,baseline:D_e_abs,0.3834516754099102,False
0.02,34,baseline:D_e_normalized,0.056060553398589195,False
0.02,34,baseline:D_e_positive,0.31868131687865436,False
0.02,34,baseline:E_parallel_abs,0.24366274466382074,False
0.02,34,baseline:E_prime_magnitude,0.21723817294067393,False
0.02,34,baseline:J_magnitude,0.7222176105340385,False
0.02,34,baseline:Q,0.2924137018473943,False
0.02,34,baseline:pressure_anisotropy_abs,0.15364581600726607,False
0.02,34,nonlinear_invariant,0.5703389637140589,False
0.02,34,sparse_invariant,0.5779115869918633,False
0.02,35,baseline:D_e_abs,0.38367612136033674,False
0.02,35,baseline:D_e_normalized,0.057662349216759085,False
0.02,35,baseline:D_e_positive,0.31343551652294416,False
0.02,35,baseline:E_parallel_abs,0.23530652212116232,False
0.02,35,baseline:E_prime_magnitude,0.22502089718086263,False
0.02,35,baseline:J_magnitude,0.7195840869978679,False
0.02,35,baseline:Q,0.2812204457435591,False
0.02,35,baseline:pressure_anisotropy_abs,0.15080824187908287,False
0.02,35,nonlinear_invariant,0.5698276637585933,False
0.02,35,sparse_invariant,0.571647933829391,False
0.02,36,baseline:D_e_abs,0.3855975250488943,False
0.02,36,baseline:D_e_normalized,0.05561065695435071,False
0.02,36,baseline:D_e_positive,0.31063092647435486,False
0.02,36,baseline:E_parallel_abs,0.23966182247236664,False
0.02,36,baseline:E_prime_magnitude,0.2200692424571374,False
0.02,36,baseline:J_magnitude,0.7202176882503012,False
0.02,36,baseline:Q,0.2564901284984101,False
0.02,36,baseline:pressure_anisotropy_abs,0.15236651443516971,False
0.02,36,nonlinear_invariant,0.5613681325359284,False
0.02,36,sparse_invariant,0.5714114228642613,False
0.02,37,baseline:D_e_abs,0.3865931908580271,False
0.02,37,baseline:D_e_normalized,0.05563279808425498,False
0.02,37,baseline:D_e_positive,0.3140515745243588,False
0.02,37,baseline:E_parallel_abs,0.2403905590958497,False
0.02,37,baseline:E_prime_magnitude,0.22119141792975774,False
0.02,37,baseline:J_magnitude,0.7184731264239638,False
0.02,37,baseline:Q,0.29477438889525787,False
0.02,37,baseline:pressure_anisotropy_abs,0.1571370706017872,False
0.02,37,nonlinear_invariant,0.5608773648749964,False
0.02,37,sparse_invariant,0.5680830962134841,False
0.02,38,baseline:D_e_abs,0.3850644578381596,False
0.02,38,baseline:D_e_normalized,0.0553549114129884,False
0.02,38,baseline:D_e_positive,0.3135877509076583,False
0.02,38,baseline:E_parallel_abs,0.23329346596052947,False
0.02,38,baseline:E_prime_magnitude,0.22134590124100953,False
0.02,38,baseline:J_magnitude,0.7173542001824496,False
0.02,38,baseline:Q,0.29159248737232485,False
0.02,38,baseline:pressure_anisotropy_abs,0.15311429629711965,False
0.02,38,nonlinear_invariant,0.5614968196814579,False
0.02,38,sparse_invariant,0.5666398903640383,False
0.02,39,baseline:D_e_abs,0.3857928023159853,False
0.02,39,baseline:D_e_normalized,0.056091725691079654,False
0.02,39,baseline:D_e_positive,0.31343632765091517,False
0.02,39,baseline:E_parallel_abs,0.24843653337829416,False
0.02,39,baseline:E_prime_magnitude,0.21684087966076263,False
0.02,39,baseline:J_magnitude,0.7221799621510604,False
0.02,39,baseline:Q,0.27787950613078294,False
0.02,39,baseline:pressure_anisotropy_abs,0.1541347394635824,False
0.02,39,nonlinear_invariant,0.5592973793073791,False
0.02,39,sparse_invariant,0.5573599242466479,False
0.02,40,baseline:D_e_abs,0.38580729988524665,False
0.02,40,baseline:D_e_normalized,0.055006211743806814,False
0.02,40,baseline:D_e_positive,0.3117338275123523,False
0.02,40,baseline:E_parallel_abs,0.22665672405094803,False
0.02,40,baseline:E_prime_magnitude,0.21674391670498316,False
0.02,40,baseline:J_magnitude,0.7162726416176812,False
0.02,40,baseline:Q,0.2709103831264534,False
0.02,40,baseline:pressure_anisotropy_abs,0.15231822868424294,False
0.02,40,nonlinear_invariant,0.5632912767841718,False
0.02,40,sparse_invariant,0.5753465773976044,False
0.02,41,baseline:D_e_abs,0.39309720779808804,False
0.02,41,baseline:D_e_normalized,0.055789584341514036,False
0.02,41,baseline:D_e_positive,0.3168856863768026,False
0.02,41,baseline:E_parallel_abs,0.22796803896108217,False
0.02,41,baseline:E_prime_magnitude,0.21614763774657175,False
0.02,41,baseline:J_magnitude,0.7207435827482565,False
0.02,41,baseline:Q,0.2554504985760001,False
0.02,41,baseline:pressure_anisotropy_abs,0.15314964807337014,False
0.02,41,nonlinear_invariant,0.5724055911564109,False
0.02,41,sparse_invariant,0.5616966776495024,False
0.02,42,baseline:D_e_abs,0.3838243921118218,False
0.02,42,baseline:D_e_normalized,0.05381194586146293,False
0.02,42,baseline:D_e_positive,0.3118680664525309,False
0.02,42,baseline:E_parallel_abs,0.23475157562512186,False
0.02,42,baseline:E_prime_magnitude,0.22228303276380582,False
0.02,42,baseline:J_magnitude,0.714547307786368,False
0.02,42,baseline:Q,0.2908982586621059,False
0.02,42,baseline:pressure_anisotropy_abs,0.15449626312546533,False
0.02,42,nonlinear_invariant,0.564186835098888,False
0.02,42,sparse_invariant,0.563363508617436,False
0.02,43,baseline:D_e_abs,0.3800112055370493,False
0.02,43,baseline:D_e_normalized,0.05384029034394128,False
0.02,43,baseline:D_e_positive,0.31312045911888603,False
0.02,43,baseline:E_parallel_abs,0.23496647286976305,False
0.02,43,baseline:E_prime_magnitude,0.22209737649762193,False
0.02,43,baseline:J_magnitude,0.7177088924522838,False
0.02,43,baseline:Q,0.2789752237313188,False
0.02,43,baseline:pressure_anisotropy_abs,0.153418171301364,False
0.02,43,nonlinear_invariant,0.5542539041957905,False
0.02,43,sparse_invariant,0.556395131113381,False
0.02,44,baseline:D_e_abs,0.3812574026097045,False
0.02,44,baseline:D_e_normalized,0.05690016027146427,False
0.02,44,baseline:D_e_positive,0.3161427298780634,False
0.02,44,baseline:E_parallel_abs,0.23815763495451114,False
0.02,44,baseline:E_prime_magnitude,0.22025659400510023,False
0.02,44,baseline:J_magnitude,0.7199092265987986,False
0.02,44,baseline:Q,0.2668286416536394,False
0.02,44,baseline:pressure_anisotropy_abs,0.15315117206394527,False
0.02,44,nonlinear_invariant,0.5638610543336049,False
0.02,44,sparse_invariant,0.5646703820794622,False
0.02,45,baseline:D_e_abs,0.3896226139256395,False
0.02,45,baseline:D_e_normalized,0.056258256907039374,False
0.02,45,baseline:D_e_positive,0.31780311619380197,False
0.02,45,baseline:E_parallel_abs,0.2374825770339042,False
0.02,45,baseline:E_prime_magnitude,0.22033629423609527,False
0.02,45,baseline:J_magnitude,0.7263561363353248,False
0.02,45,baseline:Q,0.25064499635541293,False
0.02,45,baseline:pressure_anisotropy_abs,0.15506381153337193,False
0.02,45,nonlinear_invariant,0.5749595361187176,False
0.02,45,sparse_invariant,0.5371611664237792,False
0.02,46,baseline:D_e_abs,0.3808658459985708,False
0.02,46,baseline:D_e_normalized,0.056869313428952656,False
0.02,46,baseline:D_e_positive,0.32327383070021265,False
0.02,46,baseline:E_parallel_abs,0.23070795004457967,False
0.02,46,baseline:E_prime_magnitude,0.22050419743847496,False
0.02,46,baseline:J_magnitude,0.7170307497842204,False
0.02,46,baseline:Q,0.2788653809847008,False
0.02,46,baseline:pressure_anisotropy_abs,0.15675763250332722,False
0.02,46,nonlinear_invariant,0.559047695445777,False
0.02,46,sparse_invariant,0.5818212367127759,False
0.02,47,baseline:D_e_abs,0.38547661339345257,False
0.02,47,baseline:D_e_normalized,0.05521268025357176,False
0.02,47,baseline:D_e_positive,0.31178050491572656,False
0.02,47,baseline:E_parallel_abs,0.23521431521957734,False
0.02,47,baseline:E_prime_magnitude,0.21792650399802174,False
0.02,47,baseline:J_magnitude,0.7232042255807007,False
0.02,47,baseline:Q,0.2693148980043343,False
0.02,47,baseline:pressure_anisotropy_abs,0.15499054018902902,False
0.02,47,nonlinear_invariant,0.5532681380079386,False
0.02,47,sparse_invariant,0.5658215619594357,False
0.02,48,baseline:D_e_abs,0.38990332328376986,False
0.02,48,baseline:D_e_normalized,0.054481107523921914,False
0.02,48,baseline:D_e_positive,0.3186783496918449,False
0.02,48,baseline:E_parallel_abs,0.23611177552794402,False
0.02,48,baseline:E_prime_magnitude,0.2197301509609101,False
0.02,48,baseline:J_magnitude,0.7184234466189975,False
0.02,48,baseline:Q,0.26790036849691534,False
0.02,48,baseline:pressure_anisotropy_abs,0.15457202038296128,False
0.02,48,nonlinear_invariant,0.5767663249715892,False
0.02,48,sparse_invariant,0.5585482402116705,False
0.02,49,baseline:D_e_abs,0.38598561901102735,False
0.02,49,baseline:D_e_normalized,0.05601689089567871,False
0.02,49,baseline:D_e_positive,0.3164634934090289,False
0.02,49,baseline:E_parallel_abs,0.24365620109403788,False
0.02,49,baseline:E_prime_magnitude,0.22270258592978842,False
0.02,49,baseline:J_magnitude,0.7177143692657286,False
0.02,49,baseline:Q,0.2921222794091403,False
0.02,49,baseline:pressure_anisotropy_abs,0.1525719496372421,False
0.02,49,nonlinear_invariant,0.5658799338319783,False
0.02,49,sparse_invariant,0.5788878440396364,False
0.05,0,baseline:D_e_abs,0.38209989511117565,False
0.05,0,baseline:D_e_normalized,0.054785376072462866,False
0.05,0,baseline:D_e_positive,0.3180198194786819,False
0.05,0,baseline:E_parallel_abs,0.2323108080007046,False
0.05,0,baseline:E_prime_magnitude,0.221138491218677,False
0.05,0,baseline:J_magnitude,0.7093489908038827,False
0.05,0,baseline:Q,0.08979992735332853,False
0.05,0,baseline:pressure_anisotropy_abs,0.1584513008405313,False
0.05,0,nonlinear_invariant,0.5186486439243689,False
0.05,0,sparse_invariant,0.34652206133068636,False
0.05,1,baseline:D_e_abs,0.38812957565718914,False
0.05,1,baseline:D_e_normalized,0.054461719560601106,False
0.05,1,baseline:D_e_positive,0.3149512582481967,False
0.05,1,baseline:E_parallel_abs,0.23237166736784332,False
0.05,1,baseline:E_prime_magnitude,0.2134454318797789,False
0.05,1,baseline:J_magnitude,0.7101801011677417,False
0.05,1,baseline:Q,0.10524063884890639,False
0.05,1,baseline:pressure_anisotropy_abs,0.15055764082042752,False
0.05,1,nonlinear_invariant,0.5380197528429049,False
0.05,1,sparse_invariant,0.32317736507276623,False
0.05,2,baseline:D_e_abs,0.38087550527440756,False
0.05,2,baseline:D_e_normalized,0.049795064465452475,False
0.05,2,baseline:D_e_positive,0.30668577328091323,False
0.05,2,baseline:E_parallel_abs,0.21807327036420354,False
0.05,2,baseline:E_prime_magnitude,0.21918411230000712,False
0.05,2,baseline:J_magnitude,0.7076464658091149,False
0.05,2,baseline:Q,0.11366882179301396,False
0.05,2,baseline:pressure_anisotropy_abs,0.15752798878457866,False
0.05,2,nonlinear_invariant,0.5437496603117047,False
0.05,2,sparse_invariant,0.3379714706683339,False
0.05,3,baseline:D_e_abs,0.38336252114488995,False
0.05,3,baseline:D_e_normalized,0.06167259055096038,False
0.05,3,baseline:D_e_positive,0.3127354257033058,False
0.05,3,baseline:E_parallel_abs,0.2416947043926241,False
0.05,3,baseline:E_prime_magnitude,0.21803700664869938,False
0.05,3,baseline:J_magnitude,0.7044612712180207,False
0.05,3,baseline:Q,0.08752971544349504,False
0.05,3,baseline:pressure_anisotropy_abs,0.1511179687476061,False
0.05,3,nonlinear_invariant,0.5274389457604732,False
0.05,3,sparse_invariant,0.3481239393852806,False
0.05,4,baseline:D_e_abs,0.384623526047597,False
0.05,4,baseline:D_e_normalized,0.052109083633214426,False
0.05,4,baseline:D_e_positive,0.31053375122605087,False
0.05,4,baseline:E_parallel_abs,0.22862381227001202,False
0.05,4,baseline:E_prime_magnitude,0.22232684605691702,False
0.05,4,baseline:J_magnitude,0.7231303258598114,False
0.05,4,baseline:Q,0.10227985587007261,False
0.05,4,baseline:pressure_anisotropy_abs,0.14746713469918532,False
0.05,4,nonlinear_invariant,0.5357876379083385,False
0.05,4,sparse_invariant,0.36487535049702235,False
0.05,5,baseline:D_e_abs,0.3823629516253379,False
0.05,5,baseline:D_e_normalized,0.05766586472614323,False
0.05,5,baseline:D_e_positive,0.3150793380816603,False
0.05,5,baseline:E_parallel_abs,0.22917022685886634,False
0.05,5,baseline:E_prime_magnitude,0.21841432328177005,False
0.05,5,baseline:J_magnitude,0.7086789194818625,False
0.05,5,baseline:Q,0.10359765539367362,False
0.05,5,baseline:pressure_anisotropy_abs,0.1578104244214785,False
0.05,5,nonlinear_invariant,0.5259605791924197,False
0.05,5,sparse_invariant,0.340808619319287,False
0.05,6,baseline:D_e_abs,0.39309591823860596,False
0.05,6,baseline:D_e_normalized,0.057467003555729,False
0.05,6,baseline:D_e_positive,0.31800465496040514,False
0.05,6,baseline:E_parallel_abs,0.23697258703651458,False
0.05,6,baseline:E_prime_magnitude,0.21882508962023892,False
0.05,6,baseline:J_magnitude,0.7132056457293081,False
0.05,6,baseline:Q,0.09785810966888651,False
0.05,6,baseline:pressure_anisotropy_abs,0.15045014608083196,False
0.05,6,nonlinear_invariant,0.5556302113976294,False
0.05,6,sparse_invariant,0.3347675873585354,False
0.05,7,baseline:D_e_abs,0.4008906337008668,False
0.05,7,baseline:D_e_normalized,0.0588219992986489,False
0.05,7,baseline:D_e_positive,0.32486257980576144,False
0.05,7,baseline:E_parallel_abs,0.2597410239168179,False
0.05,7,baseline:E_prime_magnitude,0.2249302283893592,False
0.05,7,baseline:J_magnitude,0.7109037190274704,False
0.05,7,baseline:Q,0.091859686555283,False
0.05,7,baseline:pressure_anisotropy_abs,0.1509513642269537,False
0.05,7,nonlinear_invariant,0.5403661531703056,False
0.05,7,sparse_invariant,0.3263766432712857,False
0.05,8,baseline:D_e_abs,0.3872458376587502,False
0.05,8,baseline:D_e_normalized,0.052191801935990455,False
0.05,8,baseline:D_e_positive,0.3031923478895589,False
0.05,8,baseline:E_parallel_abs,0.23333147146174882,False
0.05,8,baseline:E_prime_magnitude,0.21847044651325156,False
0.05,8,baseline:J_magnitude,0.7074874003094046,False
0.05,8,baseline:Q,0.08674644701763484,False
0.05,8,baseline:pressure_anisotropy_abs,0.16571651936470122,False
0.05,8,nonlinear_invariant,0.5097317544726544,False
0.05,8,sparse_invariant,0.312011217688426,False
0.05,9,baseline:D_e_abs,0.38076785254606316,False
0.05,9,baseline:D_e_normalized,0.06005120535535299,False
0.05,9,baseline:D_e_positive,0.311677091836949,False
0.05,9,baseline:E_parallel_abs,0.21944081584820274,False
0.05,9,baseline:E_prime_magnitude,0.22058904987097805,False
0.05,9,baseline:J_magnitude,0.7123328689811571,False
0.05,9,baseline:Q,0.09758167606896029,False
0.05,9,baseline:pressure_anisotropy_abs,0.17051203549070545,False
0.05,9,nonlinear_invariant,0.5308306932831443,False
0.05,9,sparse_invariant,0.34584438558517383,False
0.05,10,baseline:D_e_abs,0.38610734379830075,False
0.05,10,baseline:D_e_normalized,0.05254790759026621,False
0.05,10,baseline:D_e_positive,0.31838435085492367,False
0.05,10,baseline:E_parallel_abs,0.24462217048712345,False
0.05,10,baseline:E_prime_magnitude,0.22222857990455483,False
0.05,10,baseline:J_magnitude,0.7030168974729215,False
0.05,10,baseline:Q,0.11314927987740775,False
0.05,10,baseline:pressure_anisotropy_abs,0.15008549430373594,False
0.05,10,nonlinear_invariant,0.5421980312153959,False
0.05,10,sparse_invariant,0.3576188801350188,False
0.05,11,baseline:D_e_abs,0.3822612801283649,False
0.05,11,baseline:D_e_normalized,0.05266881210551282,False
0.05,11,baseline:D_e_positive,0.3146053583003718,False
0.05,11,baseline:E_parallel_abs,0.21916612300618463,False
0.05,11,baseline:E_prime_magnitude,0.21935927247742235,False
0.05,11,baseline:J_magnitude,0.7192133567672339,False
0.05,11,baseline:Q,0.08085163961104426,False
0.05,11,baseline:pressure_anisotropy_abs,0.15072674120966847,False
0.05,11,nonlinear_invariant,0.5324053499927489,False
0.05,11,sparse_invariant,0.3264548052032972,False
0.05,12,baseline:D_e_abs,0.3950688440138012,False
0.05,12,baseline:D_e_normalized,0.0563077222195783,False
0.05,12,baseline:D_e_positive,0.31685075845555866,False
0.05,12,baseline:E_parallel_abs,0.23154210227484365,False
0.05,12,baseline:E_prime_magnitude,0.2177689261467082,False
0.05,12,baseline:J_magnitude,0.7040109004382082,False
0.05,12,baseline:Q,0.08831673653203366,False
0.05,12,baseline:pressure_anisotropy_abs,0.1476682215320311,False
0.05,12,nonlinear_invariant,0.54654935306474,False
0.05,12,sparse_invariant,0.3247130576815509,False
0.05,13,baseline:D_e_abs,0.39531496326917687,False
0.05,13,baseline:D_e_normalized,0.05612231325163628,False
0.05,13,baseline:D_e_positive,0.3164062658871296,False
0.05,13,baseline:E_parallel_abs,0.23060525654029582,False
0.05,13,baseline:E_prime_magnitude,0.2124648168057495,False
0.05,13,baseline:J_magnitude,0.7053904709912601,False
0.05,13,baseline:Q,0.07976749318226699,False
0.05,13,baseline:pressure_anisotropy_abs,0.15636377484936934,False
0.05,13,nonlinear_invariant,0.5495621759213586,False
0.05,13,sparse_invariant,0.3218147344768123,False
0.05,14,baseline:D_e_abs,0.4043345292923218,False
0.05,14,baseline:D_e_normalized,0.057611509489911374,False
0.05,14,baseline:D_e_positive,0.3256505744141924,False
0.05,14,baseline:E_parallel_abs,0.23007610377057983,False
0.05,14,baseline:E_prime_magnitude,0.2209960613724413,False
0.05,14,baseline:J_magnitude,0.7157830110466143,False
0.05,14,baseline:Q,0.08638816043754317,False
0.05,14,baseline:pressure_anisotropy_abs,0.14784683266310616,False
0.05,14,nonlinear_invariant,0.552691544130936,False
0.05,14,sparse_invariant,0.3371715977251509,False
0.05,15,baseline:D_e_abs,0.37814734783840365,False
0.05,15,baseline:D_e_normalized,0.053075437103032745,False
0.05,15,baseline:D_e_positive,0.3073568997912622,False
0.05,15,baseline:E_parallel_abs,0.24444944921353332,False
0.05,15,baseline:E_prime_magnitude,0.22694498081449876,False
0.05,15,baseline:J_magnitude,0.7096988522259444,False
0.05,15,baseline:Q,0.08590100162999405,False
0.05,15,baseline:pressure_anisotropy_abs,0.14532229992360865,False
0.05,15,nonlinear_invariant,0.537585553367452,False
0.05,15,sparse_invariant,0.33401134090900997,False
0.05,16,baseline:D_e_abs,0.38995035062763383,False
0.05,16,baseline:D_e_normalized,0.050225710097512116,False
0.05,16,baseline:D_e_positive,0.3183103826776561,False
0.05,16,baseline:E_parallel_abs,0.24345856140430802,False
0.05,16,baseline:E_prime_magnitude,0.21858885773485648,False
0.05,16,baseline:J_magnitude,0.708497103884418,False
0.05,16,baseline:Q,0.10998948674386205,False
0.05,16,baseline:pressure_anisotropy_abs,0.1538749768539156,False
0.05,16,nonlinear_invariant,0.5328469251355973,False
0.05,16,sparse_invariant,0.36160335078291433,False
0.05,17,baseline:D_e_abs,0.3898228630871062,False
0.05,17,baseline:D_e_normalized,0.05516479092102852,False
0.05,17,baseline:D_e_positive,0.31287074569006423,False
0.05,17,baseline:E_parallel_abs,0.22326139008146106,False
0.05,17,baseline:E_prime_magnitude,0.21808121958939763,False
0.05,17,baseline:J_magnitude,0.7193606778972912,False
0.05,17,baseline:Q,0.10917873956673028,False
0.05,17,baseline:pressure_anisotropy_abs,0.1448921239867734,False
0.05,17,nonlinear_invariant,0.5117943671187212,False
0.05,17,sparse_invariant,0.32688363531361436,False
0.05,18,baseline:D_e_abs,0.3910548288717313,False
0.05,18,baseline:D_e_normalized,0.0586247523646505,False
0.05,18,baseline:D_e_positive,0.31830232995535174,False
0.05,18,baseline:E_parallel_abs,0.23181500076124772,False
0.05,18,baseline:E_prime_magnitude,0.23055982531478791,False
0.05,18,baseline:J_magnitude,0.7142705227524213,False
0.05,18,baseline:Q,0.09422950073917892,False
0.05,18,baseline:pressure_anisotropy_abs,0.14540258311363324,False
0.05,18,nonlinear_invariant,0.5600473915634215,False
0.05,18,sparse_invariant,0.3156635602073807,False
0.05,19,baseline:D_e_abs,0.39476820994995987,False
0.05,19,baseline:D_e_normalized,0.05991590505514504,False
0.05,19,baseline:D_e_positive,0.32831174455821305,False
0.05,19,baseline:E_parallel_abs,0.222692245241867,False
0.05,19,baseline:E_prime_magnitude,0.21207744493721695,False
0.05,19,baseline:J_magnitude,0.7197394646935847,False
0.05,19,baseline:Q,0.08296333816996962,False
0.05,19,baseline:pressure_anisotropy_abs,0.1500907222847608,False
0.05,19,nonlinear_invariant,0.5174290485679985,False
0.05,19,sparse_invariant,0.32403717474169025,False
0.05,20,baseline:D_e_abs,0.38374169999976665,False
0.05,20,baseline:D_e_normalized,0.057225555057019824,False
0.05,20,baseline:D_e_positive,0.3113514977169132,False
0.05,20,baseline:E_parallel_abs,0.24314512801696572,False
0.05,20,baseline:E_prime_magnitude,0.2183423125198809,False
0.05,20,baseline:J_magnitude,0.7079983855551893,False
0.05,20,baseline:Q,0.10058331922280395,False
0.05,20,baseline:pressure_anisotropy_abs,0.15052039476330173,False
0.05,20,nonlinear_invariant,0.5237018936661931,False
0.05,20,sparse_invariant,0.32383313066038966,False
0.05,21,baseline:D_e_abs,0.3746136513298269,False
0.05,21,baseline:D_e_normalized,0.05841303323400049,False
0.05,21,baseline:D_e_positive,0.3067543250703329,False
0.05,21,baseline:E_parallel_abs,0.24105417524337625,False
0.05,21,baseline:E_prime_magnitude,0.22097717971130085,False
0.05,21,baseline:J_magnitude,0.7080529737911583,False
0.05,21,baseline:Q,0.1039634285016292,False
0.05,21,baseline:pressure_anisotropy_abs,0.14894844022492973,False
0.05,21,nonlinear_invariant,0.5372757221111993,False
0.05,21,sparse_invariant,0.33192334308632254,False
0.05,22,baseline:D_e_abs,0.37355239755371666,False
0.05,22,baseline:D_e_normalized,0.058431014265536374,False
0.05,22,baseline:D_e_positive,0.3106338133833196,False
0.05,22,baseline:E_parallel_abs,0.22219723107698275,False
0.05,22,baseline:E_prime_magnitude,0.21822339594899579,False
0.05,22,baseline:J_magnitude,0.7065668238628794,False
0.05,22,baseline:Q,0.11082054402706148,False
0.05,22,baseline:pressure_anisotropy_abs,0.14797980491270504,False
0.05,22,nonlinear_invariant,0.5534137345183174,False
0.05,22,sparse_invariant,0.3391374345708513,False
0.05,23,baseline:D_e_abs,0.39309627704917754,False
0.05,23,baseline:D_e_normalized,0.053672396279223315,False
0.05,23,baseline:D_e_positive,0.3222879876105797,False
0.05,23,baseline:E_parallel_abs,0.22884017474092844,False
0.05,23,baseline:E_prime_magnitude,0.2206503461696605,False
0.05,23,baseline:J_magnitude,0.7142026041775035,False
0.05,23,baseline:Q,0.08346587555996936,False
0.05,23,baseline:pressure_anisotropy_abs,0.15652697586970277,False
0.05,23,nonlinear_invariant,0.5541243548594036,False
0.05,23,sparse_invariant,0.3203693562595647,False
0.05,24,baseline:D_e_abs,0.3987170543820538,False
0.05,24,baseline:D_e_normalized,0.050666429996772476,False
0.05,24,baseline:D_e_positive,0.3208840685738601,False
0.05,24,baseline:E_parallel_abs,0.23825188367800498,False
0.05,24,baseline:E_prime_magnitude,0.22157281943712567,False
0.05,24,baseline:J_magnitude,0.7171004055016418,False
0.05,24,baseline:Q,0.08854383873469562,False
0.05,24,baseline:pressure_anisotropy_abs,0.15976811436752095,False
0.05,24,nonlinear_invariant,0.5335073032420449,False
0.05,24,sparse_invariant,0.32236551014396786,False
0.05,25,baseline:D_e_abs,0.37439652234067994,False
0.05,25,baseline:D_e_normalized,0.052535995776746586,False
0.05,25,baseline:D_e_positive,0.31066665714236624,False
0.05,25,baseline:E_parallel_abs,0.21968935832231154,False
0.05,25,baseline:E_prime_magnitude,0.2124903284442419,False
0.05,25,baseline:J_magnitude,0.7121554164967367,False
0.05,25,baseline:Q,0.12032644982593922,False
0.05,25,baseline:pressure_anisotropy_abs,0.1380918603354484,False
0.05,25,nonlinear_invariant,0.5313090110743028,False
0.05,25,sparse_invariant,0.3373177364229089,False
0.05,26,baseline:D_e_abs,0.3843303409891263,False
0.05,26,baseline:D_e_normalized,0.05401859488838636,False
0.05,26,baseline:D_e_positive,0.3138763917288143,False
0.05,26,baseline:E_parallel_abs,0.22974170731842639,False
0.05,26,baseline:E_prime_magnitude,0.21287361937907442,False
0.05,26,baseline:J_magnitude,0.7192520429004512,False
0.05,26,baseline:Q,0.10292531867664963,False
0.05,26,baseline:pressure_anisotropy_abs,0.15049613540520482,False
0.05,26,nonlinear_invariant,0.5526525047337626,False
0.05,26,sparse_invariant,0.31869563804378886,False
0.05,27,baseline:D_e_abs,0.3874002694993686,False
0.05,27,baseline:D_e_normalized,0.05061764385594995,False
0.05,27,baseline:D_e_positive,0.3210509281127679,False
0.05,27,baseline:E_parallel_abs,0.24598446190741188,False
0.05,27,baseline:E_prime_magnitude,0.21680113519230373,False
0.05,27,baseline:J_magnitude,0.7080325815681224,False
0.05,27,baseline:Q,0.1084468563770889,False
0.05,27,baseline:pressure_anisotropy_abs,0.15572472750623104,False
0.05,27,nonlinear_invariant,0.5525326477305905,False
0.05,27,sparse_invariant,0.35377975167261616,False
0.05,28,baseline:D_e_abs,0.3816694102988154,False
0.05,28,baseline:D_e_normalized,0.05588623972923104,False
0.05,28,baseline:D_e_positive,0.30404704138065886,False
0.05,28,baseline:E_parallel_abs,0.22319296718922202,False
0.05,28,baseline:E_prime_magnitude,0.21904470472309345,False
0.05,28,baseline:J_magnitude,0.720448044859466,False
0.05,28,baseline:Q,0.08163946114828223,False
0.05,28,baseline:pressure_anisotropy_abs,0.14363251818158512,False
0.05,28,nonlinear_invariant,0.5105230445528931,False
0.05,28,sparse_invariant,0.3245733055288584,False
0.05,29,baseline:D_e_abs,0.39222323856527247,False
0.05,29,baseline:D_e_normalized,0.055756926059444295,False
0.05,29,baseline:D_e_positive,0.317593396652589,False
0.05,29,baseline:E_parallel_abs,0.23316491986486035,False
0.05,29,baseline:E_prime_magnitude,0.22163400378384493,False
0.05,29,baseline:J_magnitude,0.7195524436090522,False
0.05,29,baseline:Q,0.09660628527879993,False
0.05,29,baseline:pressure_anisotropy_abs,0.15720013405609387,False
0.05,29,nonlinear_invariant,0.557191671424817,False
0.05,29,sparse_invariant,0.3407116642978787,False
0.05,30,baseline:D_e_abs,0.3896029019798906,False
0.05,30,baseline:D_e_normalized,0.05843160331091162,False
0.05,30,baseline:D_e_positive,0.3238045074432296,False
0.05,30,baseline:E_parallel_abs,0.23283552281979325,False
0.05,30,baseline:E_prime_magnitude,0.2134565591251256,False
0.05,30,baseline:J_magnitude,0.7106948476091053,False
0.05,30,baseline:Q,0.09775437528888142,False
0.05,30,baseline:pressure_anisotropy_abs,0.1457530658571288,False
0.05,30,nonlinear_invariant,0.53166647676313,False
0.05,30,sparse_invariant,0.31641074117038553,False
0.05,31,baseline:D_e_abs,0.38410546776265714,False
0.05,31,baseline:D_e_normalized,0.05779784915173819,False
0.05,31,baseline:D_e_positive,0.31142096692188215,False
0.05,31,baseline:E_parallel_abs,0.23931795910247033,False
0.05,31,baseline:E_prime_magnitude,0.21330522556752474,False
0.05,31,baseline:J_magnitude,0.707114658260317,False
0.05,31,baseline:Q,0.09101484258583242,False
0.05,31,baseline:pressure_anisotropy_abs,0.14228119103883047,False
0.05,31,nonlinear_invariant,0.5420134782856668,False
0.05,31,sparse_invariant,0.3377888561198257,False
0.05,32,baseline:D_e_abs,0.39117554035320573,False
0.05,32,baseline:D_e_normalized,0.05192307950521332,False
0.05,32,baseline:D_e_positive,0.32778206623346,False
0.05,32,baseline:E_parallel_abs,0.2431926702391476,False
0.05,32,baseline:E_prime_magnitude,0.21601831743842326,False
0.05,32,baseline:J_magnitude,0.7070740228748146,False
0.05,32,baseline:Q,0.09404935369828026,False
0.05,32,baseline:pressure_anisotropy_abs,0.14544461299689537,False
0.05,32,nonlinear_invariant,0.5420096228176638,False
0.05,32,sparse_invariant,0.31987003518845836,False
0.05,33,baseline:D_e_abs,0.39191082395193777,False
0.05,33,baseline:D_e_normalized,0.05145344667093796,False
0.05,33,baseline:D_e_positive,0.32269546937203647,False
0.05,33,baseline:E_parallel_abs,0.23310385691329893,False
0.05,33,baseline:E_prime_magnitude,0.2183650627659851,False
0.05,33,baseline:J_magnitude,0.7137961353914722,False
0.05,33,baseline:Q,0.092666393624058,False
0.05,33,baseline:pressure_anisotropy_abs,0.15273787410783093,False
0.05,33,nonlinear_invariant,0.5421741837115814,False
0.05,33,sparse_invariant,0.349215364025286,False
0.05,34,baseline:D_e_abs,0.39047588845300824,False
0.05,34,baseline:D_e_normalized,0.053569734180750866,False
0.05,34,baseline:D_e_positive,0.317444095727192,False
0.05,34,baseline:E_parallel_abs,0.2318325127583621,False
0.05,34,baseline:E_prime_magnitude,0.2179601717766675,False
0.05,34,baseline:J_magnitude,0.7173256852725101,False
0.05,34,baseline:Q,0.0830322367355086,False
0.05,34,baseline:pressure_anisotropy_abs,0.1433953714144115,False
0.05,34,nonlinear_invariant,0.5469081881835469,False
0.05,34,sparse_invariant,0.30899324408401346,False
0.05,35,baseline:D_e_abs,0.386693236563281,False
0.05,35,baseline:D_e_normalized,0.05434955318052254,False
0.05,35,baseline:D_e_positive,0.3050298705048203,False
0.05,35,baseline:E_parallel_abs,0.24283683922363286,False
0.05,35,baseline:E_prime_magnitude,0.2191329484804875,False
0.05,35,baseline:J_magnitude,0.7130509882910858,False
0.05,35,baseline:Q,0.09065774741774517,False
0.05,35,baseline:pressure_anisotropy_abs,0.1512062156883084,False
0.05,35,nonlinear_invariant,0.5377709509470217,False
0.05,35,sparse_invariant,0.3293073378952466,False
0.05,36,baseline:D_e_abs,0.39003617605287855,False
0.05,36,baseline:D_e_normalized,0.053990528810705096,False
0.05,36,baseline:D_e_positive,0.31716309264575265,False
0.05,36,baseline:E_parallel_abs,0.23052233136790376,False
0.05,36,baseline:E_prime_magnitude,0.22152836187359395,False
0.05,36,baseline:J_magnitude,0.7041750141991461,False
0.05,36,baseline:Q,0.08715603659427364,False
0.05,36,baseline:pressure_anisotropy_abs,0.15540873142563424,False
0.05,36,nonlinear_invariant,0.5196310420303746,False
0.05,36,sparse_invariant,0.32689003589270615,False
0.05,37,baseline:D_e_abs,0.38320075054707475,False
0.05,37,baseline:D_e_normalized,0.051358597676371444,False
0.05,37,baseline:D_e_positive,0.3039956416365444,False
0.05,37,baseline:E_parallel_abs,0.23181540741488338,False
0.05,37,baseline:E_prime_magnitude,0.21328741682372906,False
0.05,37,baseline:J_magnitude,0.7274822587694482,False
0.05,37,baseline:Q,0.1059453300368428,False
0.05,37,baseline:pressure_anisotropy_abs,0.14925235598778772,False
0.05,37,nonlinear_invariant,0.5413306019126327,False
0.05,37,sparse_invariant,0.35829565192046237,False
0.05,38,baseline:D_e_abs,0.3879580246949177,False
0.05,38,baseline:D_e_normalized,0.06024370893647923,False
0.05,38,baseline:D_e_positive,0.3115226035907674,False
0.05,38,baseline:E_parallel_abs,0.24294412578921679,False
0.05,38,baseline:E_prime_magnitude,0.2214183180152911,False
0.05,38,baseline:J_magnitude,0.7160251691791327,False
0.05,38,baseline:Q,0.08540759197352042,False
0.05,38,baseline:pressure_anisotropy_abs,0.14598907045575035,False
0.05,38,nonlinear_invariant,0.5271251757789729,False
0.05,38,sparse_invariant,0.3288097401272876,False
0.05,39,baseline:D_e_abs,0.38269181930161494,False
0.05,39,baseline:D_e_normalized,0.0612668442380927,False
0.05,39,baseline:D_e_positive,0.31370946787979664,False
0.05,39,baseline:E_parallel_abs,0.24433273886965404,False
0.05,39,baseline:E_prime_magnitude,0.22129568927594281,False
0.05,39,baseline:J_magnitude,0.7056035298293729,False
0.05,39,baseline:Q,0.09499040904091242,False
0.05,39,baseline:pressure_anisotropy_abs,0.15430000127760682,False
0.05,39,nonlinear_invariant,0.5404160754307411,False
0.05,39,sparse_invariant,0.3318440740140412,False
0.05,40,baseline:D_e_abs,0.39191098989650763,False
0.05,40,baseline:D_e_normalized,0.05483498343510348,False
0.05,40,baseline:D_e_positive,0.316281048303548,False
0.05,40,baseline:E_parallel_abs,0.23404365571822358,False
0.05,40,baseline:E_prime_magnitude,0.21232190728942335,False
0.05,40,baseline:J_magnitude,0.7180116597087877,False
0.05,40,baseline:Q,0.07582025059492505,False
0.05,40,baseline:pressure_anisotropy_abs,0.14264153468985033,False
0.05,40,nonlinear_invariant,0.5461274914156448,False
0.05,40,sparse_invariant,0.3157636385004868,False
0.05,41,baseline:D_e_abs,0.3799674767463935,False
0.05,41,baseline:D_e_normalized,0.05437451361773097,False
0.05,41,baseline:D_e_positive,0.3165228748434872,False
0.05,41,baseline:E_parallel_abs,0.2452404881141098,False
0.05,41,baseline:E_prime_magnitude,0.21656894855564301,False
0.05,41,baseline:J_magnitude,0.7234747625456883,False
0.05,41,baseline:Q,0.08666513215641604,False
0.05,41,baseline:pressure_anisotropy_abs,0.15528563521592478,False
0.05,41,nonlinear_invariant,0.5244966314116676,False
0.05,41,sparse_invariant,0.33135675248013513,False
0.05,42,baseline:D_e_abs,0.3810484817227937,False
0.05,42,baseline:D_e_normalized,0.05584050960512089,False
0.05,42,baseline:D_e_positive,0.310806336006807,False
0.05,42,baseline:E_parallel_abs,0.23948697124406607,False
0.05,42,baseline:E_prime_magnitude,0.21309292060830873,False
0.05,42,baseline:J_magnitude,0.7178183017351635,False
0.05,42,baseline:Q,0.09497143629582544,False
0.05,42,baseline:pressure_anisotropy_abs,0.15538872502485698,False
0.05,42,nonlinear_invariant,0.5339503231255592,False
0.05,42,sparse_invariant,0.34183002728212736,False
0.05,43,baseline:D_e_abs,0.39235744297628306,False
0.05,43,baseline:D_e_normalized,0.05698003838398267,False
0.05,43,baseline:D_e_positive,0.31992697883694526,False
0.05,43,baseline:E_parallel_abs,0.23713924792923372,False
0.05,43,baseline:E_prime_magnitude,0.21514311015279405,False
0.05,43,baseline:J_magnitude,0.7133484260751661,False
0.05,43,baseline:Q,0.09794555258363974,False
0.05,43,baseline:pressure_anisotropy_abs,0.14922015534858676,False
0.05,43,nonlinear_invariant,0.5223984323652867,False
0.05,43,sparse_invariant,0.36981392358821924,False
0.05,44,baseline:D_e_abs,0.3936770474412978,False
0.05,44,baseline:D_e_normalized,0.05102055678009327,False
0.05,44,baseline:D_e_positive,0.32111103323245743,False
0.05,44,baseline:E_parallel_abs,0.22595788628968094,False
0.05,44,baseline:E_prime_magnitude,0.21283662612861906,False
0.05,44,baseline:J_magnitude,0.7137092008560177,False
0.05,44,baseline:Q,0.08692729835938272,False
0.05,44,baseline:pressure_anisotropy_abs,0.15254972285484272,False
0.05,44,nonlinear_invariant,0.5239465026660739,False
0.05,44,sparse_invariant,0.32744017476046955,False
0.05,45,baseline:D_e_abs,0.3949072161768847,False
0.05,45,baseline:D_e_normalized,0.0551839732831377,False
0.05,45,baseline:D_e_positive,0.3142578955159622,False
0.05,45,baseline:E_parallel_abs,0.2256411890931428,False
0.05,45,baseline:E_prime_magnitude,0.2192970510760347,False
0.05,45,baseline:J_magnitude,0.7062885778677824,False
0.05,45,baseline:Q,0.10025053951926045,False
0.05,45,baseline:pressure_anisotropy_abs,0.14701803179630082,False
0.05,45,nonlinear_invariant,0.5540004999322847,False
0.05,45,sparse_invariant,0.330179159616427,False
0.05,46,baseline:D_e_abs,0.3886566922187776,False
0.05,46,baseline:D_e_normalized,0.055914355265108406,False
0.05,46,baseline:D_e_positive,0.3073450537948516,False
0.05,46,baseline:E_parallel_abs,0.22344325504806664,False
0.05,46,baseline:E_prime_magnitude,0.218243411824103,False
0.05,46,baseline:J_magnitude,0.7180660320739077,False
0.05,46,baseline:Q,0.099566723022597,False
0.05,46,baseline:pressure_anisotropy_abs,0.1542272445556395,False
0.05,46,nonlinear_invariant,0.5568584219629005,False
0.05,46,sparse_invariant,0.35100448751542257,False
0.05,47,baseline:D_e_abs,0.3964279460510261,False
0.05,47,baseline:D_e_normalized,0.05709897358028888,False
0.05,47,baseline:D_e_positive,0.31457678422600993,False
0.05,47,baseline:E_parallel_abs,0.22397031041462692,False
0.05,47,baseline:E_prime_magnitude,0.2185435146430611,False
0.05,47,baseline:J_magnitude,0.7150958789444702,False
0.05,47,baseline:Q,0.0856029375471316,False
0.05,47,baseline:pressure_anisotropy_abs,0.15269923897979773,False
0.05,47,nonlinear_invariant,0.5244813177806967,False
0.05,47,sparse_invariant,0.33463298842532746,False
0.05,48,baseline:D_e_abs,0.38107259886548905,False
0.05,48,baseline:D_e_normalized,0.05675857512541107,False
0.05,48,baseline:D_e_positive,0.31503728730115627,False
0.05,48,baseline:E_parallel_abs,0.23951430568416046,False
0.05,48,baseline:E_prime_magnitude,0.21699281828634412,False
0.05,48,baseline:J_magnitude,0.7120216393974238,False
0.05,48,baseline:Q,0.08273509863242175,False
0.05,48,baseline:pressure_anisotropy_abs,0.14970989464316062,False
0.05,48,nonlinear_invariant,0.5253420224048612,False
0.05,48,sparse_invariant,0.298663565237783,False
0.05,49,baseline:D_e_abs,0.38020522330353795,False
0.05,49,baseline:D_e_normalized,0.06139094160212332,False
0.05,49,baseline:D_e_positive,0.31984814395137456,False
0.05,49,baseline:E_parallel_abs,0.2445381445884448,False
0.05,49,baseline:E_prime_magnitude,0.21559393369343258,False
0.05,49,baseline:J_magnitude,0.7078570035627774,False
0.05,49,baseline:Q,0.09490675550979334,False
0.05,49,baseline:pressure_anisotropy_abs,0.14757021336359294,False
0.05,49,nonlinear_invariant,0.524714771968329,False
0.05,49,sparse_invariant,0.3247608172951406,False
