event_id,method,auprc,roc_auc,localization_error_seconds,within_0p15,within_0p30,within_0p60,top_1pct_recall,false_positive_burden,calibration_error,center_shift_seconds
EDR001,baseline:D_e_abs,0.6152180779438411,0.79,0.0,True,True,True,0.3,,,-0.12
EDR001,baseline:D_e_normalized,0.11268487147189599,0.8143333333333334,0.6900000000000004,False,False,False,0.0,,,-0.12
EDR001,baseline:D_e_positive,0.6967258064516129,0.8761666666666668,0.0,True,True,True,0.4,,,-0.12
EDR001,baseline:E_parallel_abs,0.43477257441415257,0.7726666666666666,0.0,True,True,True,0.3,,,-0.12
EDR001,baseline:E_prime_magnitude,0.2838545276234063,0.888,2.25,False,False,False,0.2,,,-0.12
EDR001,baseline:J_magnitude,0.6511217437533227,0.9553333333333334,0.0,True,True,True,0.4,,,-0.12
EDR001,baseline:Q,0.5580614082656143,0.918,3.21,False,False,False,0.3,,,-0.12
EDR001,baseline:pressure_anisotropy_abs,0.7748805627908011,0.9833333333333333,0.03000000000000025,True,True,True,0.4,,,-0.12
EDR001,nonlinear_invariant,0.5828757353757353,0.977,0.0,True,True,True,0.2,0.004465898379494152,0.02740035840629313,-0.12
EDR001,sparse_invariant,0.4301776460254721,0.9313333333333333,0.0,True,True,True,0.2,0.01939186257217844,0.011371595768434758,-0.12
EDR003,baseline:D_e_abs,0.02260713609043382,0.6006349206349206,1.5600000000000005,False,False,False,0.0,,,-0.12
EDR003,baseline:D_e_normalized,0.013324268411602521,0.3244444444444444,4.709999999999999,False,False,False,0.0,,,-0.12
EDR003,baseline:D_e_positive,0.016796073788964576,0.4584126984126984,1.5600000000000005,False,False,False,0.0,,,-0.12
EDR003,baseline:E_parallel_abs,0.026869239692001865,0.540952380952381,5.13,False,False,False,0.0,,,-0.12
EDR003,baseline:E_prime_magnitude,0.06906827579204611,0.6425396825396825,5.46,False,False,False,0.2,,,-0.12
EDR003,baseline:J_magnitude,0.2193803418803419,0.9619047619047619,0.8399999999999999,False,False,False,0.2,,,-0.12
EDR003,baseline:Q,0.03913113780243034,0.7326984126984126,5.1,False,False,False,0.0,,,-0.12
EDR003,baseline:pressure_anisotropy_abs,0.011145598593993741,0.19047619047619047,3.42,False,False,False,0.0,,,-0.12
EDR003,nonlinear_invariant,0.2788035305655443,0.7676190476190475,0.02999999999999936,True,True,True,0.2,0.00987194889505776,0.008502089233386481,-0.12
EDR003,sparse_invariant,0.09599483029285985,0.8552380952380951,5.1,False,False,False,0.2,0.032254339456142464,0.018388193431763136,-0.12
EDR007,baseline:D_e_abs,0.13826362783419258,0.7142857142857142,5.85,False,False,False,0.14285714285714285,,,-0.12
EDR007,baseline:D_e_normalized,0.02056220227073446,0.3975563909774436,0.33000000000000007,False,False,True,0.0,,,-0.12
EDR007,baseline:D_e_positive,0.13512478946562548,0.456531954887218,0.39000000000000057,False,False,True,0.2857142857142857,,,-0.12
EDR007,baseline:E_parallel_abs,0.10276662272989683,0.6926691729323308,0.5699999999999994,False,False,True,0.14285714285714285,,,-0.12
EDR007,baseline:E_prime_magnitude,0.05946700003826878,0.6837406015037594,2.6100000000000003,False,False,False,0.0,,,-0.12
EDR007,baseline:J_magnitude,0.5127844085672445,0.7218045112781954,0.0,True,True,True,0.42857142857142855,,,-0.12
EDR007,baseline:Q,0.5155767705436579,0.7551691729323309,0.02999999999999936,True,True,True,0.42857142857142855,,,-0.12
EDR007,baseline:pressure_anisotropy_abs,0.019127833558339913,0.33458646616541354,0.3600000000000003,False,False,True,0.0,,,-0.12
EDR007,nonlinear_invariant,0.5883575663466968,0.768796992481203,0.03000000000000025,True,True,True,0.5714285714285714,0.00790377272138783,0.008578427261179444,-0.12
EDR007,sparse_invariant,0.5381376078606133,0.7434210526315789,0.02999999999999936,True,True,True,0.42857142857142855,0.028840366914729923,0.023371137957176605,-0.12
EDR011,baseline:D_e_abs,0.14633788869082986,0.8160000000000001,0.7800000000000002,False,False,False,0.0,,,-0.12
EDR011,baseline:D_e_normalized,0.013348826702119973,0.29866666666666664,1.5599999999999996,False,False,False,0.0,,,-0.12
EDR011,baseline:D_e_positive,0.06360965047943087,0.42866666666666664,0.7800000000000002,False,False,False,0.2,,,-0.12
EDR011,baseline:E_parallel_abs,0.035870687707568995,0.6806666666666666,5.46,False,False,False,0.0,,,-0.12
EDR011,baseline:E_prime_magnitude,0.1985073386495595,0.7766666666666666,0.75,False,False,False,0.2,,,-0.12
EDR011,baseline:J_magnitude,0.4498158077105446,0.9073333333333333,0.02999999999999936,True,True,True,0.4,,,-0.12
EDR011,baseline:Q,0.2693986625898029,0.8326666666666667,0.7800000000000002,False,False,False,0.4,,,-0.12
EDR011,baseline:pressure_anisotropy_abs,0.014596429739078765,0.3526666666666667,5.85,False,False,False,0.0,,,-0.12
EDR011,nonlinear_invariant,0.4361111111111111,0.876,0.02999999999999936,True,True,True,0.4,0.030162047487817093,0.01995276801155478,-0.12
EDR011,sparse_invariant,0.4567755532139094,0.9153333333333333,0.02999999999999936,True,True,True,0.4,0.04583105821362628,0.036018647041455715,-0.12
EDR013,baseline:D_e_abs,0.11842127040507391,0.7233333333333334,5.34,False,False,False,0.0,,,-0.12
EDR013,baseline:D_e_normalized,0.03443893563407707,0.595,3.99,False,False,False,0.0,,,-0.12
EDR013,baseline:D_e_positive,0.17609820734820733,0.7408333333333333,5.34,False,False,False,0.0,,,-0.12
EDR013,baseline:E_parallel_abs,0.05362079909756441,0.7020833333333333,0.08999999999999986,True,True,True,0.0,,,-0.12
EDR013,baseline:E_prime_magnitude,0.08591484219983891,0.7558333333333334,5.4,False,False,False,0.0,,,-0.12
EDR013,baseline:J_magnitude,0.16948795794661659,0.9145833333333333,2.73,False,False,False,0.0,,,-0.12
EDR013,baseline:Q,0.8993055555555556,0.9966666666666667,0.41999999999999993,False,False,True,0.5,,,-0.12
EDR013,baseline:pressure_anisotropy_abs,0.05092717656194591,0.6854166666666667,3.42,False,False,False,0.0,,,-0.12
EDR013,nonlinear_invariant,0.6127777777777778,0.9741666666666666,0.03000000000000025,True,True,True,0.375,0.051371215631253825,0.03509005300119285,-0.12
EDR013,sparse_invariant,0.5281944444444444,0.9779166666666667,0.41999999999999993,False,False,True,0.375,0.053225304791283984,0.05148995342042447,-0.12
EDR014,baseline:D_e_abs,0.3772893772893773,0.926,0.0,True,True,True,0.4,,,-0.12
EDR014,baseline:D_e_normalized,0.03515131473090664,0.6833333333333333,3.96,False,False,False,0.0,,,-0.12
EDR014,baseline:D_e_positive,0.3565573770491803,0.7260000000000001,0.0,True,True,True,0.4,,,-0.12
EDR014,baseline:E_parallel_abs,0.3755162241887906,0.9013333333333333,0.0,True,True,True,0.4,,,-0.12
EDR014,baseline:E_prime_magnitude,0.3069884895466291,0.9006666666666667,0.0,True,True,True,0.2,,,-0.12
EDR014,baseline:J_magnitude,0.5284752284752285,0.9453333333333334,0.03000000000000025,True,True,True,0.4,,,-0.12
EDR014,baseline:Q,0.4233618233618234,0.8886666666666667,0.0,True,True,True,0.4,,,-0.12
EDR014,baseline:pressure_anisotropy_abs,0.021598387303308306,0.5686666666666667,0.3600000000000003,False,False,True,0.0,,,-0.12
EDR014,nonlinear_invariant,0.2696872778962331,0.9233333333333333,1.4699999999999998,False,False,False,0.2,0.06888083625972644,0.05723721531269683,-0.12
EDR014,sparse_invariant,0.44799223764741003,0.9199999999999999,0.2699999999999996,False,True,True,0.4,0.0624623869946114,0.056585151688625386,-0.12
EDR015,baseline:D_e_abs,0.7088671274961598,0.9574750830564784,0.05999999999999961,True,True,True,0.4,,,-0.12
EDR015,baseline:D_e_normalized,0.037160998763642455,0.5485049833887043,1.7699999999999996,False,False,False,0.0,,,-0.12
EDR015,baseline:D_e_positive,0.5525652211697227,0.7564784053156146,0.0,True,True,True,0.4,,,-0.12
EDR015,baseline:E_parallel_abs,0.22668967654093514,0.8478405315614618,0.54,False,False,True,0.1,,,-0.12
EDR015,baseline:E_prime_magnitude,0.7072893772893771,0.9661129568106313,0.02999999999999936,True,True,True,0.3,,,-0.12
EDR015,baseline:J_magnitude,0.8979292929292929,0.9966777408637874,0.05999999999999961,True,True,True,0.4,,,-0.12
EDR015,baseline:Q,0.7077314352314352,0.9827242524916944,0.05999999999999961,True,True,True,0.4,,,-0.12
EDR015,baseline:pressure_anisotropy_abs,0.03835127133108205,0.5687707641196014,5.13,False,False,False,0.0,,,-0.12
EDR015,nonlinear_invariant,0.4761276065981948,0.9777408637873755,5.3100000000000005,False,False,False,0.2,0.026354237562608386,0.021002650877742994,-0.12
EDR015,sparse_invariant,0.9809090909090908,0.9993355481727575,0.05999999999999961,True,True,True,0.4,0.039030593300133254,0.04823633358023612,-0.12
EDR017,baseline:D_e_abs,0.2562884483937115,0.946,3.3600000000000003,False,False,False,0.2,,,-0.12
EDR017,baseline:D_e_normalized,0.012657746133874881,0.2633333333333333,4.32,False,False,False,0.0,,,-0.12
EDR017,baseline:D_e_positive,0.019566367001586465,0.38533333333333336,3.3600000000000003,False,False,False,0.0,,,-0.12
EDR017,baseline:E_parallel_abs,0.04078050944978643,0.5053333333333334,4.26,False,False,False,0.0,,,-0.12
EDR017,baseline:E_prime_magnitude,0.02250760607807151,0.5893333333333334,4.74,False,False,False,0.0,,,-0.12
EDR017,baseline:J_magnitude,0.8253968253968254,0.9953333333333334,0.17999999999999972,False,True,True,0.6,,,-0.12
EDR017,baseline:Q,0.04891300160834841,0.7486666666666666,0.14999999999999947,True,True,True,0.0,,,-0.12
EDR017,baseline:pressure_anisotropy_abs,0.01677538886234871,0.4413333333333333,4.68,False,False,False,0.0,,,-0.12
EDR017,nonlinear_invariant,0.33210526315789474,0.9726666666666667,0.17999999999999972,False,True,True,0.2,0.012552792679209585,0.0060844656270338995,-0.12
EDR017,sparse_invariant,0.3472334682860999,0.97,0.14999999999999947,True,True,True,0.4,0.03540055184032009,0.03039963331108508,-0.12
EDR018,baseline:D_e_abs,0.10302145163801026,0.7950657894736842,0.5999999999999996,False,False,True,0.0,,,-0.12
EDR018,baseline:D_e_normalized,0.05727292096703002,0.6657894736842105,4.59,False,False,False,0.0,,,-0.12
EDR018,baseline:D_e_positive,0.10467680444113564,0.6858552631578948,0.5999999999999996,False,False,True,0.0,,,-0.12
EDR018,baseline:E_parallel_abs,0.1522638015368062,0.8713815789473685,3.0600000000000005,False,False,False,0.0,,,-0.12
EDR018,baseline:E_prime_magnitude,0.045732455175092515,0.6463815789473684,0.5999999999999996,False,False,True,0.0,,,-0.12
EDR018,baseline:J_magnitude,0.46686813186813186,0.9779605263157894,0.8399999999999999,False,False,False,0.2,,,-0.12
EDR018,baseline:Q,0.25297004880125085,0.7532894736842105,2.67,False,False,False,0.3,,,-0.12
EDR018,baseline:pressure_anisotropy_abs,0.08582405071234284,0.8039473684210526,0.5099999999999998,False,False,True,0.0,,,-0.12
EDR018,nonlinear_invariant,0.5375025129669092,0.9782894736842106,0.8700000000000001,False,False,False,0.3,0.03148075720160076,0.026471730324577607,-0.12
EDR018,sparse_invariant,0.5701722190852625,0.9707236842105263,0.02999999999999936,True,True,True,0.3,0.052796636094146226,0.04479265677002109,-0.12
EDR019,baseline:D_e_abs,0.432657614212432,0.8954098360655738,0.03000000000000025,True,True,True,0.3,,,-0.12
EDR019,baseline:D_e_normalized,0.06538757223578825,0.7121311475409836,5.73,False,False,False,0.0,,,-0.12
EDR019,baseline:D_e_positive,0.5196879836184336,0.8881967213114754,0.03000000000000025,True,True,True,0.3,,,-0.12
EDR019,baseline:E_parallel_abs,0.3257882904135165,0.858688524590164,0.0,True,True,True,0.2,,,-0.12
EDR019,baseline:E_prime_magnitude,0.23475378876875105,0.6190163934426229,0.0,True,True,True,0.2,,,-0.12
EDR019,baseline:J_magnitude,0.9025641025641025,0.9957377049180328,0.0,True,True,True,0.4,,,-0.12
EDR019,baseline:Q,0.03383570913527002,0.49967213114754094,2.219999999999999,False,False,False,0.0,,,-0.12
EDR019,baseline:pressure_anisotropy_abs,0.02108287622265223,0.18229508196721314,2.039999999999999,False,False,False,0.0,,,-0.12
EDR019,nonlinear_invariant,0.8616700404858298,0.9931147540983608,0.0,True,True,True,0.4,0.016211537499528205,0.018963902840725216,-0.12
EDR019,sparse_invariant,0.28041801536542843,0.9327868852459016,2.219999999999999,False,False,False,0.2,0.0461173996569585,0.031724627135185444,-0.12
EDR020,baseline:D_e_abs,0.2780336893322803,0.7576666666666667,0.47999999999999954,False,False,True,0.2,,,-0.12
EDR020,baseline:D_e_normalized,0.035939164317474515,0.5246666666666666,2.04,False,False,False,0.0,,,-0.12
EDR020,baseline:D_e_positive,0.18541674585237447,0.6436666666666666,0.47999999999999954,False,False,True,0.1,,,-0.12
EDR020,baseline:E_parallel_abs,0.1376443657361602,0.5283333333333333,0.0,True,True,True,0.1,,,-0.12
EDR020,baseline:E_prime_magnitude,0.1638870957864669,0.6033333333333333,0.0,True,True,True,0.1,,,-0.12
EDR020,baseline:J_magnitude,0.5289404010713666,0.9716666666666667,0.47999999999999954,False,False,True,0.2,,,-0.12
EDR020,baseline:Q,0.6223483981693364,0.9723333333333333,0.3899999999999997,False,False,True,0.3,,,-0.12
EDR020,baseline:pressure_anisotropy_abs,0.045538842069971,0.644,1.92,False,False,False,0.0,,,-0.12
EDR020,nonlinear_invariant,0.539972804972805,0.9846666666666667,0.54,False,False,True,0.2,0.016232226800464763,0.019688799119679266,-0.12
EDR020,sparse_invariant,0.5839261450904781,0.9566666666666667,0.3899999999999997,False,False,True,0.3,0.0414398357430298,0.04013937024268839,-0.12
EDR021,baseline:D_e_abs,0.24731670993339389,0.8359735973597359,0.20999999999999996,False,True,True,0.0,,,-0.12
EDR021,baseline:D_e_normalized,0.030249411467512324,0.41881188118811885,5.9399999999999995,False,False,False,0.0,,,-0.12
EDR021,baseline:D_e_positive,0.12110837422485636,0.5191419141914192,0.20999999999999996,False,True,True,0.1,,,-0.12
EDR021,baseline:E_parallel_abs,0.08342522915460872,0.6910891089108911,0.17999999999999972,False,True,True,0.0,,,-0.12
EDR021,baseline:E_prime_magnitude,0.4390132195537847,0.907920792079208,0.17999999999999972,False,True,True,0.3,,,-0.12
EDR021,baseline:J_magnitude,0.09231666389690543,0.6056105610561056,0.8399999999999999,False,False,False,0.1,,,-0.12
EDR021,baseline:Q,0.24700762946551694,0.7656765676567657,3.3599999999999994,False,False,False,0.2,,,-0.12
EDR021,baseline:pressure_anisotropy_abs,0.7188961988304093,0.9825082508250825,0.08999999999999986,True,True,True,0.4,,,-0.12
EDR021,nonlinear_invariant,0.10283748223244527,0.7947194719471947,0.8399999999999999,False,False,False,0.1,0.01536450456950375,0.019543397495126475,-0.12
EDR021,sparse_invariant,0.1859060950172048,0.7957095709570957,0.03000000000000025,True,True,True,0.1,0.03690226911051179,0.00925282507906469,-0.12
EDR022,baseline:D_e_abs,0.5136953242835596,0.9806666666666666,0.5700000000000003,False,False,True,0.4,,,-0.12
EDR022,baseline:D_e_normalized,0.011831795844541694,0.20933333333333334,5.58,False,False,False,0.0,,,-0.12
EDR022,baseline:D_e_positive,0.01639344262295082,0.26166666666666666,0.6000000000000005,False,False,False,0.0,,,-0.12
EDR022,baseline:E_parallel_abs,0.059692287515122136,0.6633333333333333,0.6000000000000005,False,False,False,0.0,,,-0.12
EDR022,baseline:E_prime_magnitude,0.02532651795836875,0.6380000000000001,3.69,False,False,False,0.0,,,-0.12
EDR022,baseline:J_magnitude,0.7611111111111111,0.994,0.0,True,True,True,0.6,,,-0.12
EDR022,baseline:Q,0.25439241917502786,0.7746666666666667,0.02999999999999936,True,True,True,0.2,,,-0.12
EDR022,baseline:pressure_anisotropy_abs,0.05947412201972907,0.62,3.75,False,False,False,0.0,,,-0.12
EDR022,nonlinear_invariant,0.4415996025832092,0.8933333333333333,0.0,True,True,True,0.4,0.007064811958997737,0.005432332917609221,-0.12
EDR022,sparse_invariant,0.4192680919725696,0.7613333333333334,0.41999999999999993,False,False,True,0.4,0.031056432302568465,0.025909992481229396,-0.12
EDR023,baseline:D_e_abs,0.1917273430156067,0.736842105263158,0.2699999999999996,False,True,True,0.1,,,-0.12
EDR023,baseline:D_e_normalized,0.03351604376231063,0.5009868421052632,1.6799999999999997,False,False,False,0.0,,,-0.12
EDR023,baseline:D_e_positive,0.0627826528405763,0.5212171052631579,0.2999999999999998,False,True,True,0.1,,,-0.12
EDR023,baseline:E_parallel_abs,0.17826940383213669,0.7457236842105264,0.03000000000000025,True,True,True,0.1,,,-0.12
EDR023,baseline:E_prime_magnitude,0.044686485049507535,0.5898026315789474,0.75,False,False,False,0.0,,,-0.12
EDR023,baseline:J_magnitude,0.6463924427799108,0.8476973684210527,0.03000000000000025,True,True,True,0.4,,,-0.12
EDR023,baseline:Q,0.8425180375180376,0.9924342105263158,0.27000000000000046,False,True,True,0.4,,,-0.12
EDR023,baseline:pressure_anisotropy_abs,0.026089203453605974,0.3740131578947369,1.38,False,False,False,0.0,,,-0.12
EDR023,nonlinear_invariant,0.7263325891104104,0.9078947368421052,0.1200000000000001,True,True,True,0.4,0.03768160721407774,0.03741233787113105,-0.12
EDR023,sparse_invariant,0.7464384660250801,0.9164473684210527,0.03000000000000025,True,True,True,0.4,0.05142209910297898,0.045931571030932275,-0.12
EDR025,baseline:D_e_abs,0.23016709194017124,0.7776666666666667,3.6899999999999995,False,False,False,0.2,,,-0.12
EDR025,baseline:D_e_normalized,0.05777391414366526,0.7190000000000001,0.8700000000000001,False,False,False,0.0,,,-0.12
EDR025,baseline:D_e_positive,0.318710337377369,0.8488333333333332,3.6899999999999995,False,False,False,0.2,,,-0.12
EDR025,baseline:E_parallel_abs,0.18495746556394072,0.7346666666666667,4.17,False,False,False,0.2,,,-0.12
EDR025,baseline:E_prime_magnitude,0.12875295135950582,0.798,3.6899999999999995,False,False,False,0.0,,,-0.12
EDR025,baseline:J_magnitude,0.8552669552669552,0.995,0.0600000000000005,True,True,True,0.4,,,-0.12
EDR025,baseline:Q,0.20181814449917898,0.846,3.0600000000000005,False,False,False,0.1,,,-0.12
EDR025,baseline:pressure_anisotropy_abs,0.028335308779675123,0.3936666666666667,5.309999999999999,False,False,False,0.0,,,-0.12
EDR025,nonlinear_invariant,0.47687114055535107,0.9813333333333334,3.0600000000000005,False,False,False,0.1,0.021728174451847628,0.017977765071920795,-0.12
EDR025,sparse_invariant,0.34516064001358115,0.9636666666666667,3.0600000000000005,False,False,False,0.1,0.03757787783230264,0.0444476707595496,-0.12
EDR028,baseline:D_e_abs,0.09730050927600534,0.7837209302325581,0.75,False,False,False,0.0,,,-0.12
EDR028,baseline:D_e_normalized,0.03559210982544089,0.5342192691029901,1.4699999999999998,False,False,False,0.0,,,-0.12
EDR028,baseline:D_e_positive,0.05785567623907183,0.5614617940199336,0.8099999999999996,False,False,False,0.0,,,-0.12
EDR028,baseline:E_parallel_abs,0.045254321181722804,0.6029900332225914,2.4299999999999997,False,False,False,0.0,,,-0.12
EDR028,baseline:E_prime_magnitude,0.038785165440762256,0.5627906976744186,0.75,False,False,False,0.0,,,-0.12
EDR028,baseline:J_magnitude,0.9476190476190477,0.9963455149501661,0.03000000000000025,True,True,True,0.4,,,-0.12
EDR028,baseline:Q,0.0894293135233998,0.559468438538206,2.16,False,False,False,0.0,,,-0.12
EDR028,baseline:pressure_anisotropy_abs,0.024224934834743674,0.3033222591362126,1.7699999999999996,False,False,False,0.0,,,-0.12
EDR028,nonlinear_invariant,0.7072863247863247,0.9906976744186047,0.1800000000000006,False,True,True,0.3,0.01777322746111824,0.02028530905066344,-0.12
EDR028,sparse_invariant,0.8839213564213563,0.9933554817275747,0.15000000000000036,False,True,True,0.4,0.03697680056736933,0.04781393178655886,-0.12
EDR034,baseline:D_e_abs,0.4185807410718518,0.9118421052631578,0.02999999999999936,True,True,True,0.2,,,-0.12
EDR034,baseline:D_e_normalized,0.11164376821811191,0.7335526315789473,2.1,False,False,False,0.1,,,-0.12
EDR034,baseline:D_e_positive,0.40378821192443115,0.8759868421052631,0.02999999999999936,True,True,True,0.2,,,-0.12
EDR034,baseline:E_parallel_abs,0.42738236343741837,0.8105263157894737,0.0,True,True,True,0.3,,,-0.12
EDR034,baseline:E_prime_magnitude,0.25257295611172625,0.6121710526315789,0.02999999999999936,True,True,True,0.2,,,-0.12
EDR034,baseline:J_magnitude,0.5936230095440622,0.9220394736842105,0.0,True,True,True,0.4,,,-0.12
EDR034,baseline:Q,0.0880168518244467,0.7805921052631579,0.5099999999999998,False,False,True,0.0,,,-0.12
EDR034,baseline:pressure_anisotropy_abs,0.03323432799475958,0.3213815789473684,0.08999999999999986,True,True,True,0.0,,,-0.12
EDR034,nonlinear_invariant,0.5590957225913621,0.9422697368421051,0.0,True,True,True,0.3,0.006692940128918829,0.023219276655336258,-0.12
EDR034,sparse_invariant,0.49559799677446736,0.968421052631579,0.0,True,True,True,0.2,0.022925504804324526,0.0080580984095346,-0.12
EDR035,baseline:D_e_abs,0.3015135626783864,0.8838815789473684,0.02999999999999936,True,True,True,0.2,,,-0.12
EDR035,baseline:D_e_normalized,0.0432975683397106,0.5302631578947368,5.58,False,False,False,0.0,,,-0.12
EDR035,baseline:D_e_positive,0.1631855951300546,0.5342105263157895,0.02999999999999936,True,True,True,0.1,,,-0.12
EDR035,baseline:E_parallel_abs,0.3132352976054951,0.6819078947368422,0.02999999999999936,True,True,True,0.2,,,-0.12
EDR035,baseline:E_prime_magnitude,0.15690864051979758,0.5588815789473683,0.02999999999999936,True,True,True,0.1,,,-0.12
EDR035,baseline:J_magnitude,0.9666666666666666,0.9983552631578947,0.0,True,True,True,0.4,,,-0.12
EDR035,baseline:Q,0.6974242424242424,0.9355263157894738,0.1800000000000006,False,True,True,0.4,,,-0.12
EDR035,baseline:pressure_anisotropy_abs,0.7064884421568346,0.9648026315789473,0.2400000000000002,False,True,True,0.4,,,-0.12
EDR035,nonlinear_invariant,0.9285714285714285,0.9917763157894737,0.1800000000000006,False,True,True,0.4,0.006939946158288521,0.02340134143710573,-0.12
EDR035,sparse_invariant,0.8678571428571429,0.9861842105263158,0.1800000000000006,False,True,True,0.4,0.026794978867522506,0.02935210702671631,-0.12
EDR041,baseline:D_e_abs,0.2096771543224543,0.897037037037037,2.64,False,False,False,0.1111111111111111,,,-0.12
EDR041,baseline:D_e_normalized,0.02627152930332286,0.3751851851851852,4.529999999999999,False,False,False,0.0,,,-0.12
EDR041,baseline:D_e_positive,0.27880749239972535,0.5853703703703703,0.0,True,True,True,0.2222222222222222,,,-0.12
EDR041,baseline:E_parallel_abs,0.09218636772031127,0.7574074074074074,1.9500000000000002,False,False,False,0.0,,,-0.12
EDR041,baseline:E_prime_magnitude,0.05159257146181606,0.6018518518518519,2.16,False,False,False,0.0,,,-0.12
EDR041,baseline:J_magnitude,0.8269230769230771,0.9944444444444445,0.0,True,True,True,0.3333333333333333,,,-0.12
EDR041,baseline:Q,0.1969859536187434,0.8981481481481481,0.41999999999999993,False,False,True,0.1111111111111111,,,-0.12
EDR041,baseline:pressure_anisotropy_abs,0.0785994671672676,0.7903703703703704,0.96,False,False,False,0.0,,,-0.12
EDR041,nonlinear_invariant,0.8147157853040208,0.9914814814814815,0.0,True,True,True,0.4444444444444444,0.009501924863361476,0.012720194306244808,-0.12
EDR041,sparse_invariant,0.5011777438248026,0.9414814814814815,0.0,True,True,True,0.3333333333333333,0.030429487683208953,0.018754003853799238,-0.12
EDR054,baseline:D_e_abs,0.17312976345329287,0.7900332225913622,0.9899999999999993,False,False,False,0.1,,,-0.12
EDR054,baseline:D_e_normalized,0.027465415136188987,0.40498338870431894,0.3899999999999997,False,False,True,0.0,,,-0.12
EDR054,baseline:D_e_positive,0.06967523216269537,0.48504983388704315,0.08999999999999986,True,True,True,0.0,,,-0.12
EDR054,baseline:E_parallel_abs,0.039460642522192335,0.5817275747508306,0.7199999999999998,False,False,False,0.0,,,-0.12
EDR054,baseline:E_prime_magnitude,0.08715286536467101,0.7358803986710963,1.5,False,False,False,0.0,,,-0.12
EDR054,baseline:J_magnitude,0.9121503496503497,0.9966777408637875,0.0,True,True,True,0.4,,,-0.12
EDR054,baseline:Q,0.4694788118747544,0.8299003322259136,0.03000000000000025,True,True,True,0.3,,,-0.12
EDR054,baseline:pressure_anisotropy_abs,0.7171727782021899,0.9880398671096345,0.0,True,True,True,0.3,,,-0.12
EDR054,nonlinear_invariant,0.498267989206448,0.8365448504983388,0.0,True,True,True,0.4,0.004541946020700572,0.023376315775610203,-0.12
EDR054,sparse_invariant,0.6254357991509694,0.9710963455149502,0.0,True,True,True,0.4,0.02058995434661271,0.00971725137370601,-0.12
EDR060,baseline:D_e_abs,0.03750692850406591,0.6531147540983607,0.6899999999999995,False,False,False,0.0,,,-0.12
EDR060,baseline:D_e_normalized,0.012831882931882933,0.2780327868852459,4.5,False,False,False,0.0,,,-0.12
EDR060,baseline:D_e_positive,0.046236559139784944,0.38163934426229507,0.75,False,False,False,0.0,,,-0.12
EDR060,baseline:E_parallel_abs,0.030448852718029388,0.6649180327868852,2.7,False,False,False,0.0,,,-0.12
EDR060,baseline:E_prime_magnitude,0.01389950026784122,0.30491803278688523,1.92,False,False,False,0.0,,,-0.12
EDR060,baseline:J_magnitude,0.05729648851340226,0.7783606557377049,0.6299999999999999,False,False,False,0.0,,,-0.12
EDR060,baseline:Q,0.017457941331475327,0.4577049180327869,3.5700000000000003,False,False,False,0.0,,,-0.12
EDR060,baseline:pressure_anisotropy_abs,0.014256215857853121,0.34098360655737703,3.5700000000000003,False,False,False,0.0,,,-0.12
EDR060,nonlinear_invariant,0.013226751704160657,0.31672131147540983,0.6600000000000001,False,False,False,0.0,0.0274105511079011,0.015462115797807437,-0.12
EDR060,sparse_invariant,0.01524847214653572,0.3980327868852459,1.8899999999999997,False,False,False,0.0,0.04373463412694155,0.028549397757905413,-0.12
EDR064,baseline:D_e_abs,0.7815656565656565,0.9872222222222222,0.0,True,True,True,0.6666666666666666,,,-0.12
EDR064,baseline:D_e_normalized,0.17612044817927172,0.9183333333333332,1.3500000000000005,False,False,False,0.0,,,-0.12
EDR064,baseline:D_e_positive,0.7999999999999999,0.9894444444444445,0.0,True,True,True,0.6666666666666666,,,-0.12
EDR064,baseline:E_parallel_abs,0.5331819745442037,0.7938888888888889,0.02999999999999936,True,True,True,0.5,,,-0.12
EDR064,baseline:E_prime_magnitude,0.15415281824075105,0.806111111111111,3.1500000000000004,False,False,False,0.16666666666666666,,,-0.12
EDR064,baseline:J_magnitude,0.7963235294117647,0.9916666666666667,0.0,True,True,True,0.5,,,-0.12
EDR064,baseline:Q,0.604340948090948,0.7622222222222222,0.02999999999999936,True,True,True,0.5,,,-0.12
EDR064,baseline:pressure_anisotropy_abs,0.015821674338278365,0.3188888888888889,0.47999999999999954,False,False,True,0.0,,,-0.12
EDR064,nonlinear_invariant,0.7762237762237761,0.9866666666666667,0.0,True,True,True,0.6666666666666666,0.0050263878969445605,0.011628617307879452,-0.12
EDR064,sparse_invariant,0.6835421888053467,0.975,0.0,True,True,True,0.5,0.02202793652620342,0.013657394376885233,-0.12
EDR066,baseline:D_e_abs,0.9428571428571428,0.9986666666666666,0.0,True,True,True,0.8,,,-0.12
EDR066,baseline:D_e_normalized,0.09661487031246929,0.868,0.05999999999999961,True,True,True,0.0,,,-0.12
EDR066,baseline:D_e_positive,0.9428571428571428,0.9986666666666666,0.0,True,True,True,0.8,,,-0.12
EDR066,baseline:E_parallel_abs,0.12829131652661063,0.728,1.62,False,False,False,0.2,,,-0.12
EDR066,baseline:E_prime_magnitude,0.8369230769230769,0.994,0.0,True,True,True,0.6,,,-0.12
EDR066,baseline:J_magnitude,0.8034782608695652,0.9873333333333333,0.0,True,True,True,0.6,,,-0.12
EDR066,baseline:Q,0.4995205865764242,0.8566666666666667,0.05999999999999961,True,True,True,0.4,,,-0.12
EDR066,baseline:pressure_anisotropy_abs,0.052278565715956724,0.6293333333333333,0.27000000000000046,False,True,True,0.0,,,-0.12
EDR066,nonlinear_invariant,0.8225,0.992,0.0,True,True,True,0.6,0.00483752570660453,0.007818383107175055,-0.12
EDR066,sparse_invariant,0.8454545454545455,0.9886666666666667,0.02999999999999936,True,True,True,0.8,0.019426672973842127,0.015005828764231077,-0.12
EDR072,baseline:D_e_abs,0.02434881669893995,0.614,3.9,False,False,False,0.0,,,-0.12
EDR072,baseline:D_e_normalized,0.01221632144762494,0.21999999999999997,4.32,False,False,False,0.0,,,-0.12
EDR072,baseline:D_e_positive,0.01639344262295082,0.18666666666666665,3.9,False,False,False,0.0,,,-0.12
EDR072,baseline:E_parallel_abs,0.10464201629615164,0.82,4.47,False,False,False,0.2,,,-0.12
EDR072,baseline:E_prime_magnitude,0.017037026958408773,0.42600000000000005,4.47,False,False,False,0.0,,,-0.12
EDR072,baseline:J_magnitude,0.6252592592592593,0.9006666666666667,0.08999999999999986,True,True,True,0.6,,,-0.12
EDR072,baseline:Q,0.47870073060635676,0.9159999999999999,0.14999999999999947,True,True,True,0.4,,,-0.12
EDR072,baseline:pressure_anisotropy_abs,0.013227611444811722,0.2813333333333333,3.48,False,False,False,0.0,,,-0.12
EDR072,nonlinear_invariant,0.6883522727272727,0.956,0.05999999999999961,True,True,True,0.6,0.016280598100453094,0.0160312025803374,-0.12
EDR072,sparse_invariant,0.6391654812707444,0.9433333333333334,0.03000000000000025,True,True,True,0.6,0.03979742540182531,0.03932143824723751,-0.12
EDR001,baseline:D_e_abs,0.6919175696819703,0.8305647840531561,0.0,True,True,True,0.2727272727272727,,,-0.06
EDR001,baseline:D_e_normalized,0.1264081685834328,0.840531561461794,0.6900000000000004,False,False,False,0.0,,,-0.06
EDR001,baseline:D_e_positive,0.7812572682306608,0.8985200845665963,0.0,True,True,True,0.36363636363636365,,,-0.06
EDR001,baseline:E_parallel_abs,0.5521530613635878,0.8782845061914829,0.0,True,True,True,0.2727272727272727,,,-0.06
EDR001,baseline:E_prime_magnitude,0.28296534719432775,0.8855330715795833,2.25,False,False,False,0.18181818181818182,,,-0.06
EDR001,baseline:J_magnitude,0.6370247686037159,0.9574146783449109,0.0,True,True,True,0.36363636363636365,,,-0.06
EDR001,baseline:Q,0.4415739931830036,0.8468740561763818,3.21,False,False,False,0.2727272727272727,,,-0.06
EDR001,baseline:pressure_anisotropy_abs,0.8412362258953169,0.9879190576864996,0.03000000000000025,True,True,True,0.36363636363636365,,,-0.06
EDR001,nonlinear_invariant,0.5850967680760171,0.9758381153729991,0.0,True,True,True,0.18181818181818182,0.004465898379494152,0.03037499596962562,-0.06
EDR001,sparse_invariant,0.37929074687475534,0.9160374509211718,0.0,True,True,True,0.18181818181818182,0.01939186257217844,0.01444577352392342,-0.06
EDR003,baseline:D_e_abs,0.06548025428529365,0.7494725738396624,1.5600000000000005,False,False,False,0.0,,,-0.06
EDR003,baseline:D_e_normalized,0.01580674879034107,0.35654008438818563,4.709999999999999,False,False,False,0.0,,,-0.06
EDR003,baseline:D_e_positive,0.03438390507582105,0.4731012658227848,1.5600000000000005,False,False,False,0.0,,,-0.06
EDR003,baseline:E_parallel_abs,0.04884529413800544,0.6186708860759493,5.13,False,False,False,0.0,,,-0.06
EDR003,baseline:E_prime_magnitude,0.18577271765355294,0.7763713080168777,5.46,False,False,False,0.16666666666666666,,,-0.06
EDR003,baseline:J_magnitude,0.22140142316413167,0.9556962025316456,0.8399999999999999,False,False,False,0.16666666666666666,,,-0.06
EDR003,baseline:Q,0.07331862391684894,0.7811181434599156,5.1,False,False,False,0.0,,,-0.06
EDR003,baseline:pressure_anisotropy_abs,0.01762718747017031,0.3691983122362869,3.42,False,False,False,0.0,,,-0.06
EDR003,nonlinear_invariant,0.36304042574104495,0.804324894514768,0.02999999999999936,True,True,True,0.3333333333333333,0.00987194889505776,0.008477504987217877,-0.06
EDR003,sparse_invariant,0.17709160420345388,0.8881856540084389,5.1,False,False,False,0.16666666666666666,0.032254339456142464,0.02086424692558429,-0.06
EDR007,baseline:D_e_abs,0.17371334391351512,0.7504553734061931,5.85,False,False,False,0.1111111111111111,,,-0.06
EDR007,baseline:D_e_normalized,0.029878466829366422,0.473224043715847,0.33000000000000007,False,False,True,0.0,,,-0.06
EDR007,baseline:D_e_positive,0.20639975735517135,0.5652094717668489,0.39000000000000057,False,False,True,0.2222222222222222,,,-0.06
EDR007,baseline:E_parallel_abs,0.24600504532380008,0.7610200364298725,0.5699999999999994,False,False,True,0.2222222222222222,,,-0.06
EDR007,baseline:E_prime_magnitude,0.060053692651647776,0.6699453551912568,2.6100000000000003,False,False,False,0.0,,,-0.06
EDR007,baseline:J_magnitude,0.6167976686695515,0.7821493624772313,0.0,True,True,True,0.4444444444444444,,,-0.06
EDR007,baseline:Q,0.6480144116185224,0.8091074681238615,0.02999999999999936,True,True,True,0.4444444444444444,,,-0.06
EDR007,baseline:pressure_anisotropy_abs,0.021712328152709043,0.29034608378870674,0.3600000000000003,False,False,True,0.0,,,-0.06
EDR007,nonlinear_invariant,0.6839710229988267,0.8193078324225865,0.03000000000000025,True,True,True,0.4444444444444444,0.00790377272138783,0.011628925276063842,-0.06
EDR007,sparse_invariant,0.6535561541800075,0.7992714025500911,0.02999999999999936,True,True,True,0.4444444444444444,0.028840366914729923,0.026936679061714142,-0.06
EDR011,baseline:D_e_abs,0.17476227476227477,0.7342192691029901,0.7800000000000002,False,False,False,0.16666666666666666,,,-0.06
EDR011,baseline:D_e_normalized,0.01766008053243557,0.39258028792912514,1.5599999999999996,False,False,False,0.0,,,-0.06
EDR011,baseline:D_e_positive,0.12551272771142477,0.521594684385382,0.7800000000000002,False,False,False,0.16666666666666666,,,-0.06
EDR011,baseline:E_parallel_abs,0.05565975114377708,0.7192691029900332,5.46,False,False,False,0.0,,,-0.06
EDR011,baseline:E_prime_magnitude,0.15724554172196756,0.7868217054263565,0.75,False,False,False,0.16666666666666666,,,-0.06
EDR011,baseline:J_magnitude,0.5803112965340179,0.9529346622369879,0.02999999999999936,True,True,True,0.5,,,-0.06
EDR011,baseline:Q,0.37442185775519105,0.8887043189368771,0.7800000000000002,False,False,False,0.3333333333333333,,,-0.06
EDR011,baseline:pressure_anisotropy_abs,0.017275518860336417,0.37652270210409744,5.85,False,False,False,0.0,,,-0.06
EDR011,nonlinear_invariant,0.6252705627705628,0.93687707641196,0.02999999999999936,True,True,True,0.5,0.030162047487817093,0.02531649049673919,-0.06
EDR011,sparse_invariant,0.5208754208754208,0.9562569213732005,0.02999999999999936,True,True,True,0.3333333333333333,0.04583105821362628,0.038487071557380695,-0.06
EDR013,baseline:D_e_abs,0.13232287025081527,0.7235880398671096,5.34,False,False,False,0.0,,,-0.06
EDR013,baseline:D_e_normalized,0.03637154607356977,0.5355481727574751,3.99,False,False,False,0.0,,,-0.06
EDR013,baseline:D_e_positive,0.15314303427694764,0.6898671096345514,5.34,False,False,False,0.0,,,-0.06
EDR013,baseline:E_parallel_abs,0.16828353866528814,0.7415282392026579,0.08999999999999986,True,True,True,0.1,,,-0.06
EDR013,baseline:E_prime_magnitude,0.09979557067417867,0.7767441860465116,5.4,False,False,False,0.0,,,-0.06
EDR013,baseline:J_magnitude,0.17189292497453193,0.9036544850498338,2.73,False,False,False,0.0,,,-0.06
EDR013,baseline:Q,0.8744444444444445,0.9950166112956811,0.41999999999999993,False,False,True,0.4,,,-0.06
EDR013,baseline:pressure_anisotropy_abs,0.09221717270221326,0.7441860465116279,3.42,False,False,False,0.0,,,-0.06
EDR013,nonlinear_invariant,0.6005116069416272,0.9727574750830565,0.03000000000000025,True,True,True,0.3,0.051371215631253825,0.03383256780396756,-0.06
EDR013,sparse_invariant,0.5121711813091124,0.9737541528239203,0.41999999999999993,False,False,True,0.3,0.053225304791283984,0.057041620814038387,-0.06
EDR014,baseline:D_e_abs,0.3368293721782094,0.9036544850498339,0.0,True,True,True,0.3333333333333333,,,-0.06
EDR014,baseline:D_e_normalized,0.043743173489703045,0.7452934662236989,3.96,False,False,False,0.0,,,-0.06
EDR014,baseline:D_e_positive,0.33326904394536827,0.7624584717607973,0.0,True,True,True,0.3333333333333333,,,-0.06
EDR014,baseline:E_parallel_abs,0.35682751988810213,0.9440753045404209,0.0,True,True,True,0.3333333333333333,,,-0.06
EDR014,baseline:E_prime_magnitude,0.2695821148033286,0.8826135105204873,0.0,True,True,True,0.16666666666666666,,,-0.06
EDR014,baseline:J_magnitude,0.7777777777777778,0.9712070874861574,0.03000000000000025,True,True,True,0.6666666666666666,,,-0.06
EDR014,baseline:Q,0.5825191570881226,0.9662236987818383,0.0,True,True,True,0.3333333333333333,,,-0.06
EDR014,baseline:pressure_anisotropy_abs,0.017269442328381013,0.3682170542635659,0.3600000000000003,False,False,True,0.0,,,-0.06
EDR014,nonlinear_invariant,0.5001105583195136,0.9601328903654485,1.4699999999999998,False,False,False,0.3333333333333333,0.06888083625972644,0.05678174177552119,-0.06
EDR014,sparse_invariant,0.6994107744107744,0.9634551495016611,0.2699999999999996,False,True,True,0.5,0.0624623869946114,0.0588546812548717,-0.06
EDR015,baseline:D_e_abs,0.7074689411701296,0.9564784053156147,0.05999999999999961,True,True,True,0.4,,,-0.06
EDR015,baseline:D_e_normalized,0.034052383568350025,0.5059800664451827,1.7699999999999996,False,False,False,0.0,,,-0.06
EDR015,baseline:D_e_positive,0.4503617363344051,0.6813953488372092,0.0,True,True,True,0.4,,,-0.06
EDR015,baseline:E_parallel_abs,0.2601589386565615,0.8558139534883721,0.54,False,False,True,0.1,,,-0.06
EDR015,baseline:E_prime_magnitude,0.7600254093732355,0.9674418604651163,0.02999999999999936,True,True,True,0.4,,,-0.06
EDR015,baseline:J_magnitude,0.9229292929292928,0.9973421926910299,0.05999999999999961,True,True,True,0.4,,,-0.06
EDR015,baseline:Q,0.7077314352314352,0.9827242524916944,0.05999999999999961,True,True,True,0.4,,,-0.06
EDR015,baseline:pressure_anisotropy_abs,0.03664858309091458,0.5514950166112957,5.13,False,False,False,0.0,,,-0.06
EDR015,nonlinear_invariant,0.5436495911495912,0.9823920265780731,5.3100000000000005,False,False,False,0.2,0.026354237562608386,0.01856768671930251,-0.06
EDR015,sparse_invariant,0.9809090909090908,0.9993355481727575,0.05999999999999961,True,True,True,0.4,0.039030593300133254,0.04740808145482921,-0.06
EDR017,baseline:D_e_abs,0.3497657186444371,0.9235880398671097,3.3600000000000003,False,False,False,0.16666666666666666,,,-0.06
EDR017,baseline:D_e_normalized,0.028388416059175102,0.3277962347729789,4.32,False,False,False,0.0,,,-0.06
EDR017,baseline:D_e_positive,0.09961997828447339,0.3820598006644519,3.3600000000000003,False,False,False,0.16666666666666666,,,-0.06
EDR017,baseline:E_parallel_abs,0.04379262082564212,0.570874861572536,4.26,False,False,False,0.0,,,-0.06
EDR017,baseline:E_prime_magnitude,0.0216086716330172,0.48947951273532675,4.74,False,False,False,0.0,,,-0.06
EDR017,baseline:J_magnitude,0.8374999999999999,0.9955703211517165,0.17999999999999972,False,True,True,0.5,,,-0.06
EDR017,baseline:Q,0.09715411222764164,0.8205980066445182,0.14999999999999947,True,True,True,0.0,,,-0.06
EDR017,baseline:pressure_anisotropy_abs,0.015814202062718306,0.32502768549280175,4.68,False,False,False,0.0,,,-0.06
EDR017,nonlinear_invariant,0.42766955266955264,0.9767441860465116,0.17999999999999972,False,True,True,0.3333333333333333,0.012552792679209585,0.00852997854800232,-0.06
EDR017,sparse_invariant,0.39298941798941794,0.9717607973421927,0.14999999999999947,True,True,True,0.3333333333333333,0.03540055184032009,0.03153535846345327,-0.06
EDR018,baseline:D_e_abs,0.14340721995184236,0.8154815481548154,0.5999999999999996,False,False,True,0.09090909090909091,,,-0.06
EDR018,baseline:D_e_normalized,0.05284703657063726,0.6054605460546054,4.59,False,False,False,0.0,,,-0.06
EDR018,baseline:D_e_positive,0.1075843303579262,0.6531653165316531,0.5999999999999996,False,False,True,0.0,,,-0.06
EDR018,baseline:E_parallel_abs,0.16320049336282463,0.8742874287428744,3.0600000000000005,False,False,False,0.0,,,-0.06
EDR018,baseline:E_prime_magnitude,0.06395797011616255,0.6873687368736874,0.5999999999999996,False,False,True,0.0,,,-0.06
EDR018,baseline:J_magnitude,0.4818371273654327,0.9765976597659766,0.8399999999999999,False,False,False,0.18181818181818182,,,-0.06
EDR018,baseline:Q,0.3894001658417043,0.8277827782778278,2.67,False,False,False,0.2727272727272727,,,-0.06
EDR018,baseline:pressure_anisotropy_abs,0.07243944427459888,0.7458745874587458,0.5099999999999998,False,False,True,0.0,,,-0.06
EDR018,nonlinear_invariant,0.6045779798640211,0.9810981098109812,0.8700000000000001,False,False,False,0.2727272727272727,0.03148075720160076,0.027229518491365366,-0.06
EDR018,sparse_invariant,0.600711192370109,0.9726972697269727,0.02999999999999936,True,True,True,0.2727272727272727,0.052796636094146226,0.046921672430790394,-0.06
EDR019,baseline:D_e_abs,0.5829209733278978,0.9165669856459331,0.03000000000000025,True,True,True,0.36363636363636365,,,-0.06
EDR019,baseline:D_e_normalized,0.09235736805902374,0.7604665071770333,5.73,False,False,False,0.0,,,-0.06
EDR019,baseline:D_e_positive,0.6523526022649342,0.9046052631578947,0.03000000000000025,True,True,True,0.36363636363636365,,,-0.06
EDR019,baseline:E_parallel_abs,0.3665544692875367,0.86872009569378,0.0,True,True,True,0.18181818181818182,,,-0.06
EDR019,baseline:E_prime_magnitude,0.22635319840144277,0.6504186602870813,0.0,True,True,True,0.18181818181818182,,,-0.06
EDR019,baseline:J_magnitude,0.9456168831168832,0.9973086124401913,0.0,True,True,True,0.36363636363636365,,,-0.06
EDR019,baseline:Q,0.0382352321748127,0.5245215311004785,2.219999999999999,False,False,False,0.0,,,-0.06
EDR019,baseline:pressure_anisotropy_abs,0.023090815675276613,0.18421052631578944,2.039999999999999,False,False,False,0.0,,,-0.06
EDR019,nonlinear_invariant,0.9196969696969699,0.9955143540669856,0.0,True,True,True,0.36363636363636365,0.016211537499528205,0.023431770777853966,-0.06
EDR019,sparse_invariant,0.2954950498730403,0.9389952153110048,2.219999999999999,False,False,False,0.18181818181818182,0.0461173996569585,0.04025939137152545,-0.06
EDR020,baseline:D_e_abs,0.3675559287561595,0.8453639383871943,0.47999999999999954,False,False,True,0.2727272727272727,,,-0.06
EDR020,baseline:D_e_normalized,0.04161107259897347,0.5487768045907581,2.04,False,False,False,0.0,,,-0.06
EDR020,baseline:D_e_positive,0.24610793247156884,0.6756266988825128,0.47999999999999954,False,False,True,0.18181818181818182,,,-0.06
EDR020,baseline:E_parallel_abs,0.13945646325014133,0.5774690425853216,0.0,True,True,True,0.09090909090909091,,,-0.06
EDR020,baseline:E_prime_magnitude,0.16884673626197008,0.6517668378133494,0.0,True,True,True,0.09090909090909091,,,-0.06
EDR020,baseline:J_magnitude,0.8071308321308321,0.9900332225913621,0.47999999999999954,False,False,True,0.2727272727272727,,,-0.06
EDR020,baseline:Q,0.679315191232027,0.9761401389308366,0.3899999999999997,False,False,True,0.2727272727272727,,,-0.06
EDR020,baseline:pressure_anisotropy_abs,0.0535274541937414,0.6744186046511629,1.92,False,False,False,0.0,,,-0.06
EDR020,nonlinear_invariant,0.6074175824175824,0.988221081244337,0.54,False,False,True,0.18181818181818182,0.016232226800464763,0.027117936465840764,-0.06
EDR020,sparse_invariant,0.8171578421578423,0.9809725158562367,0.3899999999999997,False,False,True,0.36363636363636365,0.0414398357430298,0.04444489600925246,-0.06
EDR021,baseline:D_e_abs,0.2678092707102676,0.846795827123696,0.20999999999999996,False,True,True,0.0,,,-0.06
EDR021,baseline:D_e_normalized,0.034047567034254385,0.40149031296572274,5.9399999999999995,False,False,False,0.0,,,-0.06
EDR021,baseline:D_e_positive,0.11098442207062018,0.48882265275707903,0.20999999999999996,False,True,True,0.09090909090909091,,,-0.06
EDR021,baseline:E_parallel_abs,0.08397909440700063,0.6944858420268256,0.17999999999999972,False,True,True,0.0,,,-0.06
EDR021,baseline:E_prime_magnitude,0.4393045120317848,0.8873323397913562,0.17999999999999972,False,True,True,0.2727272727272727,,,-0.06
EDR021,baseline:J_magnitude,0.09330742504096144,0.6307004470938897,0.8399999999999999,False,False,False,0.09090909090909091,,,-0.06
EDR021,baseline:Q,0.24938717384186876,0.7737704918032786,3.3599999999999994,False,False,False,0.18181818181818182,,,-0.06
EDR021,baseline:pressure_anisotropy_abs,0.6230733282940414,0.9669150521609539,0.08999999999999986,True,True,True,0.36363636363636365,,,-0.06
EDR021,nonlinear_invariant,0.10407026470433547,0.8134128166915052,0.8399999999999999,False,False,False,0.0,0.01536450456950375,0.02126093706212862,-0.06
EDR021,sparse_invariant,0.18824921262255198,0.8053651266766021,0.03000000000000025,True,True,True,0.09090909090909091,0.03690226911051179,0.012203949667622846,-0.06
EDR022,baseline:D_e_abs,0.6451298701298701,0.9856035437430787,0.5700000000000003,False,False,True,0.5,,,-0.06
EDR022,baseline:D_e_normalized,0.014684339411835667,0.256921373200443,5.58,False,False,False,0.0,,,-0.06
EDR022,baseline:D_e_positive,0.019543973941368076,0.26245847176079734,0.6000000000000005,False,False,False,0.0,,,-0.06
EDR022,baseline:E_parallel_abs,0.09669346754842344,0.7458471760797343,0.6000000000000005,False,False,False,0.0,,,-0.06
EDR022,baseline:E_prime_magnitude,0.030364930905397616,0.6472868217054264,3.69,False,False,False,0.0,,,-0.06
EDR022,baseline:J_magnitude,0.8409090909090908,0.9944629014396457,0.0,True,True,True,0.6666666666666666,,,-0.06
EDR022,baseline:Q,0.3221380407967199,0.8516057585825028,0.02999999999999936,True,True,True,0.3333333333333333,,,-0.06
EDR022,baseline:pressure_anisotropy_abs,0.04035402175851614,0.3887043189368771,3.75,False,False,False,0.0,,,-0.06
EDR022,nonlinear_invariant,0.6950329000160487,0.9346622369878184,0.0,True,True,True,0.6666666666666666,0.007064811958997737,0.007456091177744344,-0.06
EDR022,sparse_invariant,0.553182384064737,0.8538205980066446,0.41999999999999993,False,False,True,0.5,0.031056432302568465,0.028302471361653418,-0.06
EDR023,baseline:D_e_abs,0.30771031160825746,0.8043804380438044,0.2699999999999996,False,True,True,0.18181818181818182,,,-0.06
EDR023,baseline:D_e_normalized,0.030092858926356936,0.41224122412241226,1.6799999999999997,False,False,False,0.0,,,-0.06
EDR023,baseline:D_e_positive,0.06014316907903609,0.453045304530453,0.2999999999999998,False,True,True,0.09090909090909091,,,-0.06
EDR023,baseline:E_parallel_abs,0.19396917092413965,0.7815781578157815,0.03000000000000025,True,True,True,0.09090909090909091,,,-0.06
EDR023,baseline:E_prime_magnitude,0.05296612162979866,0.6396639663966396,0.75,False,False,False,0.0,,,-0.06
EDR023,baseline:J_magnitude,0.7719928905047925,0.9147914791479148,0.03000000000000025,True,True,True,0.36363636363636365,,,-0.06
EDR023,baseline:Q,0.6829927382558962,0.9438943894389439,0.27000000000000046,False,True,True,0.36363636363636365,,,-0.06
EDR023,baseline:pressure_anisotropy_abs,0.026023934345342566,0.3201320132013202,1.38,False,False,False,0.0,,,-0.06
EDR023,nonlinear_invariant,0.8364402685458211,0.9435943594359436,0.1200000000000001,True,True,True,0.36363636363636365,0.03768160721407774,0.03986436604430943,-0.06
EDR023,sparse_invariant,0.8235461229946525,0.9267926792679269,0.03000000000000025,True,True,True,0.36363636363636365,0.05142209910297898,0.05197849139161777,-0.06
EDR025,baseline:D_e_abs,0.26552000867741116,0.799154334038055,3.6899999999999995,False,False,False,0.18181818181818182,,,-0.06
EDR025,baseline:D_e_normalized,0.06763621804794101,0.7481123527635155,0.8700000000000001,False,False,False,0.0,,,-0.06
EDR025,baseline:D_e_positive,0.42142435389899896,0.9214738749622471,3.6899999999999995,False,False,False,0.2727272727272727,,,-0.06
EDR025,baseline:E_parallel_abs,0.18244209201627906,0.6982784657203263,4.17,False,False,False,0.18181818181818182,,,-0.06
EDR025,baseline:E_prime_magnitude,0.13665930010496763,0.8042887345212928,3.6899999999999995,False,False,False,0.0,,,-0.06
EDR025,baseline:J_magnitude,0.8916406825497735,0.9960736937481124,0.0600000000000005,True,True,True,0.36363636363636365,,,-0.06
EDR025,baseline:Q,0.20102408858534085,0.8574448807006947,3.0600000000000005,False,False,False,0.09090909090909091,,,-0.06
EDR025,baseline:pressure_anisotropy_abs,0.027219963967815595,0.3355481727574751,5.309999999999999,False,False,False,0.0,,,-0.06
EDR025,nonlinear_invariant,0.5186177458904732,0.9827846572032618,3.0600000000000005,False,False,False,0.09090909090909091,0.021728174451847628,0.019149757118661792,-0.06
EDR025,sparse_invariant,0.37066139948395,0.9652672908486862,3.0600000000000005,False,False,False,0.09090909090909091,0.03757787783230264,0.046820129086327204,-0.06
EDR028,baseline:D_e_abs,0.1087500060282248,0.8013289036544851,0.75,False,False,False,0.0,,,-0.06
EDR028,baseline:D_e_normalized,0.03296879121859828,0.49269102990033226,1.4699999999999998,False,False,False,0.0,,,-0.06
EDR028,baseline:D_e_positive,0.050670233008815235,0.49767441860465117,0.8099999999999996,False,False,False,0.0,,,-0.06
EDR028,baseline:E_parallel_abs,0.04057374773434427,0.5647840531561461,2.4299999999999997,False,False,False,0.0,,,-0.06
EDR028,baseline:E_prime_magnitude,0.04029529262603622,0.5807308970099668,0.75,False,False,False,0.0,,,-0.06
EDR028,baseline:J_magnitude,0.9999999999999999,1.0,0.03000000000000025,True,True,True,0.4,,,-0.06
EDR028,baseline:Q,0.09166318918185158,0.6,2.16,False,False,False,0.0,,,-0.06
EDR028,baseline:pressure_anisotropy_abs,0.02573243037117077,0.33986710963455147,1.7699999999999996,False,False,False,0.0,,,-0.06
EDR028,nonlinear_invariant,0.7292199467199467,0.9923588039867111,0.1800000000000006,False,True,True,0.3,0.01777322746111824,0.02556886702066461,-0.06
EDR028,sparse_invariant,0.9272546897546897,0.9976744186046511,0.15000000000000036,False,True,True,0.4,0.03697680056736933,0.053386555716543375,-0.06
EDR034,baseline:D_e_abs,0.3924157953527604,0.8868886888688869,0.02999999999999936,True,True,True,0.18181818181818182,,,-0.06
EDR034,baseline:D_e_normalized,0.11231076780655208,0.7362736273627363,2.1,False,False,False,0.09090909090909091,,,-0.06
EDR034,baseline:D_e_positive,0.38120485137525884,0.8663366336633663,0.02999999999999936,True,True,True,0.18181818181818182,,,-0.06
EDR034,baseline:E_parallel_abs,0.39982489138017985,0.8196819681968197,0.0,True,True,True,0.2727272727272727,,,-0.06
EDR034,baseline:E_prime_magnitude,0.2368894792378404,0.6231623162316232,0.02999999999999936,True,True,True,0.18181818181818182,,,-0.06
EDR034,baseline:J_magnitude,0.5454066638126409,0.8628862886288629,0.0,True,True,True,0.36363636363636365,,,-0.06
EDR034,baseline:Q,0.08753183910057101,0.7707770777077707,0.5099999999999998,False,False,True,0.0,,,-0.06
EDR034,baseline:pressure_anisotropy_abs,0.22983673247538675,0.44854485448544856,0.08999999999999986,True,True,True,0.18181818181818182,,,-0.06
EDR034,nonlinear_invariant,0.5482651246716582,0.9485448544854486,0.0,True,True,True,0.2727272727272727,0.006692940128918829,0.026369321196373835,-0.06
EDR034,sparse_invariant,0.41872140757744,0.8742874287428744,0.0,True,True,True,0.18181818181818182,0.022925504804324526,0.011318479462543449,-0.06
EDR035,baseline:D_e_abs,0.37341667839265646,0.8844884488448845,0.02999999999999936,True,True,True,0.2727272727272727,,,-0.06
EDR035,baseline:D_e_normalized,0.05431938075963218,0.5727572757275727,5.58,False,False,False,0.0,,,-0.06
EDR035,baseline:D_e_positive,0.25279334518984203,0.5760576057605761,0.02999999999999936,True,True,True,0.18181818181818182,,,-0.06
EDR035,baseline:E_parallel_abs,0.44027601199891014,0.7500750075007501,0.02999999999999936,True,True,True,0.2727272727272727,,,-0.06
EDR035,baseline:E_prime_magnitude,0.315650054431369,0.6207620762076207,0.02999999999999936,True,True,True,0.2727272727272727,,,-0.06
EDR035,baseline:J_magnitude,0.9013559969442323,0.9948994899489949,0.0,True,True,True,0.36363636363636365,,,-0.06
EDR035,baseline:Q,0.7049767476747675,0.9402940294029403,0.1800000000000006,False,True,True,0.36363636363636365,,,-0.06
EDR035,baseline:pressure_anisotropy_abs,0.584271320433411,0.9459945994599459,0.2400000000000002,False,True,True,0.36363636363636365,,,-0.06
EDR035,nonlinear_invariant,0.9368686868686869,0.9924992499249925,0.1800000000000006,False,True,True,0.36363636363636365,0.006939946158288521,0.026586015389967896,-0.06
EDR035,sparse_invariant,0.883894376133844,0.9873987398739874,0.1800000000000006,False,True,True,0.36363636363636365,0.026794978867522506,0.030917302220742033,-0.06
EDR041,baseline:D_e_abs,0.2141317322383499,0.9011627906976745,2.64,False,False,False,0.125,,,-0.06
EDR041,baseline:D_e_normalized,0.02579747991036882,0.41985049833887045,4.529999999999999,False,False,False,0.0,,,-0.06
EDR041,baseline:D_e_positive,0.3083995292733157,0.6254152823920266,0.0,True,True,True,0.25,,,-0.06
EDR041,baseline:E_parallel_abs,0.09146812030587577,0.7566445182724253,1.9500000000000002,False,False,False,0.0,,,-0.06
EDR041,baseline:E_prime_magnitude,0.052196292021265064,0.6262458471760797,2.16,False,False,False,0.0,,,-0.06
EDR041,baseline:J_magnitude,0.897159090909091,0.9966777408637875,0.0,True,True,True,0.5,,,-0.06
EDR041,baseline:Q,0.17889046285892737,0.8878737541528239,0.41999999999999993,False,False,True,0.125,,,-0.06
EDR041,baseline:pressure_anisotropy_abs,0.062128666056906076,0.7674418604651163,0.96,False,False,False,0.0,,,-0.06
EDR041,nonlinear_invariant,0.8479166666666667,0.9933554817275747,0.0,True,True,True,0.5,0.009501924863361476,0.009782106539512265,-0.06
EDR041,sparse_invariant,0.5364698868677906,0.9472591362126246,0.0,True,True,True,0.375,0.030429487683208953,0.022312202703668734,-0.06
EDR054,baseline:D_e_abs,0.3065035502496608,0.8241824182418241,0.9899999999999993,False,False,False,0.2727272727272727,,,-0.06
EDR054,baseline:D_e_normalized,0.04563900676633771,0.5088508850885088,0.3899999999999997,False,False,True,0.0,,,-0.06
EDR054,baseline:D_e_positive,0.27386192481733884,0.5996099609960996,0.08999999999999986,True,True,True,0.18181818181818182,,,-0.06
EDR054,baseline:E_parallel_abs,0.06426401728804752,0.6336633663366337,0.7199999999999998,False,False,False,0.0,,,-0.06
EDR054,baseline:E_prime_magnitude,0.123103620458383,0.7881788178817881,1.5,False,False,False,0.0,,,-0.06
EDR054,baseline:J_magnitude,0.9321969696969697,0.9966996699669968,0.0,True,True,True,0.36363636363636365,,,-0.06
EDR054,baseline:Q,0.5715854846443061,0.8478847884788479,0.03000000000000025,True,True,True,0.36363636363636365,,,-0.06
EDR054,baseline:pressure_anisotropy_abs,0.7982905982905983,0.9900990099009901,0.0,True,True,True,0.36363636363636365,,,-0.06
EDR054,nonlinear_invariant,0.637250951932527,0.8661866186618662,0.0,True,True,True,0.36363636363636365,0.004541946020700572,0.02574910743592878,-0.06
EDR054,sparse_invariant,0.7405256496165588,0.9777977797779778,0.0,True,True,True,0.36363636363636365,0.02058995434661271,0.009949640105503211,-0.06
EDR060,baseline:D_e_abs,0.055248950196685104,0.6808278867102396,0.6899999999999995,False,False,False,0.0,,,-0.06
EDR060,baseline:D_e_normalized,0.015697600837993115,0.329520697167756,4.5,False,False,False,0.0,,,-0.06
EDR060,baseline:D_e_positive,0.04426129426129426,0.43464052287581695,0.75,False,False,False,0.0,,,-0.06
EDR060,baseline:E_parallel_abs,0.02464635930088971,0.5212418300653595,2.7,False,False,False,0.0,,,-0.06
EDR060,baseline:E_prime_magnitude,0.016737048590847077,0.35294117647058826,1.92,False,False,False,0.0,,,-0.06
EDR060,baseline:J_magnitude,0.13759330353724852,0.8883442265795207,0.6299999999999999,False,False,False,0.0,,,-0.06
EDR060,baseline:Q,0.018035929899483383,0.41122004357298475,3.5700000000000003,False,False,False,0.0,,,-0.06
EDR060,baseline:pressure_anisotropy_abs,0.016031578554500766,0.32352941176470584,3.5700000000000003,False,False,False,0.0,,,-0.06
EDR060,nonlinear_invariant,0.018704018851903564,0.4362745098039216,0.6600000000000001,False,False,False,0.0,0.0274105511079011,0.01606938189856419,-0.06
EDR060,sparse_invariant,0.025427866143345662,0.5626361655773421,1.8899999999999997,False,False,False,0.0,0.04373463412694155,0.02540964991866693,-0.06
EDR064,baseline:D_e_abs,0.6106836763865066,0.9227574750830565,0.0,True,True,True,0.5,,,-0.06
EDR064,baseline:D_e_normalized,0.1429032244316517,0.7911129568106312,1.3500000000000005,False,False,False,0.0,,,-0.06
EDR064,baseline:D_e_positive,0.6240695792880259,0.8762458471760797,0.0,True,True,True,0.5,,,-0.06
EDR064,baseline:E_parallel_abs,0.5177380664408966,0.8363787375415282,0.02999999999999936,True,True,True,0.375,,,-0.06
EDR064,baseline:E_prime_magnitude,0.173037466006216,0.8289036544850499,3.1500000000000004,False,False,False,0.125,,,-0.06
EDR064,baseline:J_magnitude,0.6189200895875592,0.8596345514950167,0.0,True,True,True,0.375,,,-0.06
EDR064,baseline:Q,0.5056721867030011,0.7624584717607973,0.02999999999999936,True,True,True,0.375,,,-0.06
EDR064,baseline:pressure_anisotropy_abs,0.04877079870616142,0.4609634551495017,0.47999999999999954,False,False,True,0.0,,,-0.06
EDR064,nonlinear_invariant,0.5905647825767271,0.8168604651162791,0.0,True,True,True,0.5,0.0050263878969445605,0.01793971051837343,-0.06
EDR064,sparse_invariant,0.5379100199823884,0.8480066445182725,0.0,True,True,True,0.375,0.02202793652620342,0.007316147758034511,-0.06
EDR066,baseline:D_e_abs,0.9682539682539681,0.9990507831039392,0.0,True,True,True,0.5714285714285714,,,-0.06
EDR066,baseline:D_e_normalized,0.2740093647931982,0.8970099667774085,0.05999999999999961,True,True,True,0.14285714285714285,,,-0.06
EDR066,baseline:D_e_positive,0.9682539682539681,0.9990507831039392,0.0,True,True,True,0.5714285714285714,,,-0.06
EDR066,baseline:E_parallel_abs,0.2534355724479554,0.8016136687233032,1.62,False,False,False,0.2857142857142857,,,-0.06
EDR066,baseline:E_prime_magnitude,0.8187074829931971,0.9938300901756052,0.0,True,True,True,0.42857142857142855,,,-0.06
EDR066,baseline:J_magnitude,0.8545918367346939,0.9909824394874228,0.0,True,True,True,0.5714285714285714,,,-0.06
EDR066,baseline:Q,0.6703312480771203,0.8979591836734694,0.05999999999999961,True,True,True,0.5714285714285714,,,-0.06
EDR066,baseline:pressure_anisotropy_abs,0.08502215115295131,0.7166587565258662,0.27000000000000046,False,True,True,0.0,,,-0.06
EDR066,nonlinear_invariant,0.8955582232893156,0.9947793070716658,0.0,True,True,True,0.5714285714285714,0.00483752570660453,0.013122259585893518,-0.06
EDR066,sparse_invariant,0.9006211180124222,0.992406264831514,0.02999999999999936,True,True,True,0.5714285714285714,0.019426672973842127,0.02003157717597783,-0.06
EDR072,baseline:D_e_abs,0.0399904446683048,0.7137320044296789,3.9,False,False,False,0.0,,,-0.06
EDR072,baseline:D_e_normalized,0.014363538860884437,0.22702104097452935,4.32,False,False,False,0.0,,,-0.06
EDR072,baseline:D_e_positive,0.019543973941368076,0.18604651162790697,3.9,False,False,False,0.0,,,-0.06
EDR072,baseline:E_parallel_abs,0.12089531890376813,0.8599114064230344,4.47,False,False,False,0.16666666666666666,,,-0.06
EDR072,baseline:E_prime_magnitude,0.02174525651808356,0.48062015503875966,4.47,False,False,False,0.0,,,-0.06
EDR072,baseline:J_magnitude,0.8424242424242423,0.9424141749723145,0.08999999999999986,True,True,True,0.6666666666666666,,,-0.06
EDR072,baseline:Q,0.42288011695906436,0.9169435215946844,0.14999999999999947,True,True,True,0.3333333333333333,,,-0.06
EDR072,baseline:pressure_anisotropy_abs,0.02007602780933002,0.4174972314507198,3.48,False,False,False,0.0,,,-0.06
EDR072,nonlinear_invariant,0.8484848484848484,0.9667774086378738,0.05999999999999961,True,True,True,0.6666666666666666,0.016280598100453094,0.022532278591432114,-0.06
EDR072,sparse_invariant,0.8505747126436781,0.9712070874861573,0.03000000000000025,True,True,True,0.6666666666666666,0.03979742540182531,0.04730753224897226,-0.06
EDR001,baseline:D_e_abs,0.7742036218840342,0.8914901523597175,0.0,True,True,True,0.3333333333333333,,,-0.03
EDR001,baseline:D_e_normalized,0.1105087492893483,0.8535860274990711,0.6900000000000004,False,False,False,0.0,,,-0.03
EDR001,baseline:D_e_positive,0.8618326118326121,0.9186176142697883,0.0,True,True,True,0.4444444444444444,,,-0.03
EDR001,baseline:E_parallel_abs,0.6504745923300401,0.913786696395392,0.0,True,True,True,0.3333333333333333,,,-0.03
EDR001,baseline:E_prime_magnitude,0.3104381507088847,0.8966926793013749,2.25,False,False,False,0.2222222222222222,,,-0.03
EDR001,baseline:J_magnitude,0.7445594042085271,0.9884801189149015,0.0,True,True,True,0.4444444444444444,,,-0.03
EDR001,baseline:Q,0.4088224979419416,0.8238573021181718,3.21,False,False,False,0.3333333333333333,,,-0.03
EDR001,baseline:pressure_anisotropy_abs,0.9436868686868689,0.9981419546636938,0.03000000000000025,True,True,True,0.4444444444444444,,,-0.03
EDR001,nonlinear_invariant,0.6322245655578989,0.9836492010405055,0.0,True,True,True,0.2222222222222222,0.004465898379494152,0.024350558448680375,-0.03
EDR001,sparse_invariant,0.43600344990261736,0.9424005945745076,0.0,True,True,True,0.2222222222222222,0.01939186257217844,0.008484430038846313,-0.03
EDR003,baseline:D_e_abs,0.06942368183375378,0.7714968152866242,1.5600000000000005,False,False,False,0.0,,,-0.03
EDR003,baseline:D_e_normalized,0.012600039070627306,0.40923566878980894,4.709999999999999,False,False,False,0.0,,,-0.03
EDR003,baseline:D_e_positive,0.036665652262122136,0.499203821656051,1.5600000000000005,False,False,False,0.0,,,-0.03
EDR003,baseline:E_parallel_abs,0.05805946791862285,0.7547770700636942,5.13,False,False,False,0.0,,,-0.03
EDR003,baseline:E_prime_magnitude,0.2582150101419878,0.8710191082802548,5.46,False,False,False,0.25,,,-0.03
EDR003,baseline:J_magnitude,0.20462164750957854,0.9562101910828026,0.8399999999999999,False,False,False,0.25,,,-0.03
EDR003,baseline:Q,0.07443966094880729,0.7786624203821656,5.1,False,False,False,0.0,,,-0.03
EDR003,baseline:pressure_anisotropy_abs,0.015259769081254078,0.41162420382165604,3.42,False,False,False,0.0,,,-0.03
EDR003,nonlinear_invariant,0.47280163599182007,0.8630573248407644,0.02999999999999936,True,True,True,0.5,0.00987194889505776,0.005504713535906598,-0.03
EDR003,sparse_invariant,0.21911651234567903,0.911624203821656,5.1,False,False,False,0.25,0.032254339456142464,0.026973886300086646,-0.03
EDR007,baseline:D_e_abs,0.17373415578460638,0.7495416208287495,5.85,False,False,False,0.1111111111111111,,,-0.03
EDR007,baseline:D_e_normalized,0.029997534910031848,0.4726806013934727,0.33000000000000007,False,False,True,0.0,,,-0.03
EDR007,baseline:D_e_positive,0.2065018315018315,0.5650898423175651,0.39000000000000057,False,False,True,0.2222222222222222,,,-0.03
EDR007,baseline:E_parallel_abs,0.3490646732157971,0.7631096442977631,0.5699999999999994,False,False,True,0.2222222222222222,,,-0.03
EDR007,baseline:E_prime_magnitude,0.061090817802685084,0.671067106710671,2.6100000000000003,False,False,False,0.0,,,-0.03
EDR007,baseline:J_magnitude,0.6168726317558221,0.7821782178217821,0.0,True,True,True,0.4444444444444444,,,-0.03
EDR007,baseline:Q,0.6480804986825187,0.8093142647598094,0.02999999999999936,True,True,True,0.4444444444444444,,,-0.03
EDR007,baseline:pressure_anisotropy_abs,0.02197216325246638,0.29226255958929226,0.3600000000000003,False,False,True,0.0,,,-0.03
EDR007,nonlinear_invariant,0.6840554191872056,0.8195819581958196,0.03000000000000025,True,True,True,0.4444444444444444,0.00790377272138783,0.011734559046661574,-0.03
EDR007,sparse_invariant,0.6536366475602585,0.7994132746607994,0.02999999999999936,True,True,True,0.4444444444444444,0.028840366914729923,0.026952542784813717,-0.03
EDR011,baseline:D_e_abs,0.24279007377598927,0.81438127090301,0.7800000000000002,False,False,False,0.25,,,-0.03
EDR011,baseline:D_e_normalized,0.014270387679837036,0.4448160535117057,1.5599999999999996,False,False,False,0.0,,,-0.03
EDR011,baseline:D_e_positive,0.17326732673267325,0.5777591973244147,0.7800000000000002,False,False,False,0.25,,,-0.03
EDR011,baseline:E_parallel_abs,0.06805947675512893,0.8645484949832776,5.46,False,False,False,0.0,,,-0.03
EDR011,baseline:E_prime_magnitude,0.2189722042663219,0.9448160535117056,0.75,False,False,False,0.25,,,-0.03
EDR011,baseline:J_magnitude,0.8026315789473684,0.9874581939799332,0.02999999999999936,True,True,True,0.75,,,-0.03
EDR011,baseline:Q,0.5185897435897435,0.9891304347826088,0.7800000000000002,False,False,False,0.5,,,-0.03
EDR011,baseline:pressure_anisotropy_abs,0.012880034921684116,0.38963210702341133,5.85,False,False,False,0.0,,,-0.03
EDR011,nonlinear_invariant,0.8928571428571428,0.9974916387959866,0.02999999999999936,True,True,True,0.75,0.030162047487817093,0.03189398478123157,-0.03
EDR011,sparse_invariant,0.7055555555555555,0.9866220735785953,0.02999999999999936,True,True,True,0.5,0.04583105821362628,0.04496829847006662,-0.03
EDR013,baseline:D_e_abs,0.134274054801867,0.7146042363433668,5.34,False,False,False,0.0,,,-0.03
EDR013,baseline:D_e_normalized,0.03633781894015481,0.5752508361204014,3.99,False,False,False,0.0,,,-0.03
EDR013,baseline:D_e_positive,0.1659343198558885,0.7398736529171313,5.34,False,False,False,0.0,,,-0.03
EDR013,baseline:E_parallel_abs,0.17108599927529172,0.728725380899294,0.08999999999999986,True,True,True,0.1111111111111111,,,-0.03
EDR013,baseline:E_prime_magnitude,0.10440529170239315,0.8093645484949833,5.4,False,False,False,0.0,,,-0.03
EDR013,baseline:J_magnitude,0.1694742006311023,0.9070977331846897,2.73,False,False,False,0.0,,,-0.03
EDR013,baseline:Q,0.8770180436847106,0.9951690821256038,0.41999999999999993,False,False,True,0.4444444444444444,,,-0.03
EDR013,baseline:pressure_anisotropy_abs,0.09776319609694377,0.7878112225938312,3.42,False,False,False,0.0,,,-0.03
EDR013,nonlinear_invariant,0.6303756519442794,0.976960237829803,0.03000000000000025,True,True,True,0.3333333333333333,0.051371215631253825,0.036595747075347525,-0.03
EDR013,sparse_invariant,0.5280176613509947,0.9769602378298031,0.41999999999999993,False,False,True,0.3333333333333333,0.053225304791283984,0.05443472423512973,-0.03
EDR014,baseline:D_e_abs,0.38662184873949584,0.9237458193979933,0.0,True,True,True,0.4,,,-0.03
EDR014,baseline:D_e_normalized,0.044051197900975794,0.7832775919732442,3.96,False,False,False,0.0,,,-0.03
EDR014,baseline:D_e_positive,0.39539473684210524,0.848494983277592,0.0,True,True,True,0.4,,,-0.03
EDR014,baseline:E_parallel_abs,0.3916666666666667,0.9498327759197325,0.0,True,True,True,0.4,,,-0.03
EDR014,baseline:E_prime_magnitude,0.3001447220745466,0.8842809364548494,0.0,True,True,True,0.2,,,-0.03
EDR014,baseline:J_magnitude,0.9111111111111111,0.9973244147157191,0.03000000000000025,True,True,True,0.8,,,-0.03
EDR014,baseline:Q,0.6783333333333333,0.9939799331103679,0.0,True,True,True,0.4,,,-0.03
EDR014,baseline:pressure_anisotropy_abs,0.01343997227720736,0.29498327759197324,0.3600000000000003,False,False,True,0.0,,,-0.03
EDR014,nonlinear_invariant,0.5822222222222222,0.9926421404682274,1.4699999999999998,False,False,False,0.4,0.06888083625972644,0.059293773874410524,-0.03
EDR014,sparse_invariant,0.821111111111111,0.9959866220735786,0.2699999999999996,False,True,True,0.6,0.0624623869946114,0.061963672638319416,-0.03
EDR015,baseline:D_e_abs,0.6831646024975591,0.9481605351170569,0.05999999999999961,True,True,True,0.5,,,-0.03
EDR015,baseline:D_e_normalized,0.033461150699369266,0.5857023411371237,1.7699999999999996,False,False,False,0.0,,,-0.03
EDR015,baseline:D_e_positive,0.553389657980456,0.7905518394648828,0.0,True,True,True,0.5,,,-0.03
EDR015,baseline:E_parallel_abs,0.2973849804139238,0.9435618729096991,0.54,False,False,True,0.125,,,-0.03
EDR015,baseline:E_prime_magnitude,0.8614448051948052,0.9958193979933111,0.02999999999999936,True,True,True,0.5,,,-0.03
EDR015,baseline:J_magnitude,0.9472222222222222,0.9983277591973244,0.05999999999999961,True,True,True,0.5,,,-0.03
EDR015,baseline:Q,0.7200892857142858,0.9824414715719064,0.05999999999999961,True,True,True,0.5,,,-0.03
EDR015,baseline:pressure_anisotropy_abs,0.029023751602200457,0.5292642140468227,5.13,False,False,False,0.0,,,-0.03
EDR015,nonlinear_invariant,0.5707656926406927,0.9887123745819397,5.3100000000000005,False,False,False,0.25,0.026354237562608386,0.019361666006069273,-0.03
EDR015,sparse_invariant,0.9861111111111112,0.9995819397993311,0.05999999999999961,True,True,True,0.5,0.039030593300133254,0.04396405945491346,-0.03
EDR017,baseline:D_e_abs,0.34115186615186616,0.9038461538461539,3.3600000000000003,False,False,False,0.25,,,-0.03
EDR017,baseline:D_e_normalized,0.03094568429477596,0.3219063545150502,4.32,False,False,False,0.0,,,-0.03
EDR017,baseline:D_e_positive,0.1349009900990099,0.4448160535117057,3.3600000000000003,False,False,False,0.25,,,-0.03
EDR017,baseline:E_parallel_abs,0.053169563279857404,0.6948160535117057,4.26,False,False,False,0.0,,,-0.03
EDR017,baseline:E_prime_magnitude,0.013221022704988076,0.3938127090301003,4.74,False,False,False,0.0,,,-0.03
EDR017,baseline:J_magnitude,0.6666666666666666,0.9933110367892978,0.17999999999999972,False,True,True,0.5,,,-0.03
EDR017,baseline:Q,0.07248112248112248,0.8227424749163879,0.14999999999999947,True,True,True,0.0,,,-0.03
EDR017,baseline:pressure_anisotropy_abs,0.010138308720164246,0.2157190635451505,4.68,False,False,False,0.0,,,-0.03
EDR017,nonlinear_invariant,0.27485380116959063,0.9682274247491638,0.17999999999999972,False,True,True,0.25,0.012552792679209585,0.00554493700447657,-0.03
EDR017,sparse_invariant,0.20666666666666667,0.959866220735786,0.14999999999999947,True,True,True,0.25,0.03540055184032009,0.026728428496719317,-0.03
EDR018,baseline:D_e_abs,0.13407040654223432,0.8036175710594314,0.5999999999999996,False,False,True,0.1111111111111111,,,-0.03
EDR018,baseline:D_e_normalized,0.03531290833746374,0.5441122185308231,4.59,False,False,False,0.0,,,-0.03
EDR018,baseline:D_e_positive,0.08276218124415469,0.5898855666297527,0.5999999999999996,False,False,True,0.0,,,-0.03
EDR018,baseline:E_parallel_abs,0.15706853944539265,0.8785529715762274,3.0600000000000005,False,False,False,0.0,,,-0.03
EDR018,baseline:E_prime_magnitude,0.06161529346574285,0.7039497969730528,0.5999999999999996,False,False,True,0.0,,,-0.03
EDR018,baseline:J_magnitude,0.4830182163515497,0.9808047249907714,0.8399999999999999,False,False,False,0.2222222222222222,,,-0.03
EDR018,baseline:Q,0.4632521625479373,0.9180509413067552,2.67,False,False,False,0.3333333333333333,,,-0.03
EDR018,baseline:pressure_anisotropy_abs,0.05056728053604563,0.7061646363971945,0.5099999999999998,False,False,True,0.0,,,-0.03
EDR018,nonlinear_invariant,0.6328784925276154,0.9852344038390549,0.8700000000000001,False,False,False,0.3333333333333333,0.03148075720160076,0.027894382141161557,-0.03
EDR018,sparse_invariant,0.650661201385839,0.9804355850867479,0.02999999999999936,True,True,True,0.3333333333333333,0.052796636094146226,0.047968128226692476,-0.03
EDR019,baseline:D_e_abs,0.6757303830806554,0.9352465047829286,0.03000000000000025,True,True,True,0.4444444444444444,,,-0.03
EDR019,baseline:D_e_normalized,0.09560030799043645,0.8057395143487859,5.73,False,False,False,0.0,,,-0.03
EDR019,baseline:D_e_positive,0.7585154309292241,0.9716703458425313,0.03000000000000025,True,True,True,0.4444444444444444,,,-0.03
EDR019,baseline:E_parallel_abs,0.41875662613972264,0.895879323031641,0.0,True,True,True,0.2222222222222222,,,-0.03
EDR019,baseline:E_prime_magnitude,0.26404969452620697,0.6938925680647534,0.0,True,True,True,0.2222222222222222,,,-0.03
EDR019,baseline:J_magnitude,1.0000000000000002,1.0,0.0,True,True,True,0.4444444444444444,,,-0.03
EDR019,baseline:Q,0.03810177009403679,0.608167770419426,2.219999999999999,False,False,False,0.0,,,-0.03
EDR019,baseline:pressure_anisotropy_abs,0.019319343223674415,0.17954378219278883,2.039999999999999,False,False,False,0.0,,,-0.03
EDR019,nonlinear_invariant,0.9888888888888889,0.9996320824135393,0.0,True,True,True,0.4444444444444444,0.016211537499528205,0.029478330027740952,-0.03
EDR019,sparse_invariant,0.31656997323663993,0.9558498896247241,2.219999999999999,False,False,False,0.2222222222222222,0.0461173996569585,0.046644989213661975,-0.03
EDR020,baseline:D_e_abs,0.4360630053121684,0.8829431438127091,0.47999999999999954,False,False,True,0.3333333333333333,,,-0.03
EDR020,baseline:D_e_normalized,0.038405208686870154,0.5700483091787439,2.04,False,False,False,0.0,,,-0.03
EDR020,baseline:D_e_positive,0.2657647228268697,0.6954663693794129,0.47999999999999954,False,False,True,0.2222222222222222,,,-0.03
EDR020,baseline:E_parallel_abs,0.16175684326176878,0.6499442586399109,0.0,True,True,True,0.1111111111111111,,,-0.03
EDR020,baseline:E_prime_magnitude,0.19498961923728583,0.716462281679673,0.0,True,True,True,0.1111111111111111,,,-0.03
EDR020,baseline:J_magnitude,0.8708592132505177,0.992196209587514,0.47999999999999954,False,False,True,0.4444444444444444,,,-0.03
EDR020,baseline:Q,0.5557529507529507,0.973615756224452,0.3899999999999997,False,False,True,0.3333333333333333,,,-0.03
EDR020,baseline:pressure_anisotropy_abs,0.04207773436605491,0.6469713861018209,1.92,False,False,False,0.0,,,-0.03
EDR020,nonlinear_invariant,0.8612654320987656,0.9947974730583425,0.54,False,False,True,0.4444444444444444,0.016232226800464763,0.02547573008690149,-0.03
EDR020,sparse_invariant,0.8320546737213406,0.9803047194351542,0.3899999999999997,False,False,True,0.4444444444444444,0.0414398357430298,0.04040930231138173,-0.03
EDR021,baseline:D_e_abs,0.3100774772817783,0.9433479532163742,0.20999999999999996,False,True,True,0.0,,,-0.03
EDR021,baseline:D_e_normalized,0.03193423339137715,0.42214912280701755,5.9399999999999995,False,False,False,0.0,,,-0.03
EDR021,baseline:D_e_positive,0.1252942181882022,0.5279605263157894,0.20999999999999996,False,True,True,0.1111111111111111,,,-0.03
EDR021,baseline:E_parallel_abs,0.08208404183430723,0.7441520467836258,0.17999999999999972,False,True,True,0.0,,,-0.03
EDR021,baseline:E_prime_magnitude,0.4886425834701697,0.8903508771929824,0.17999999999999972,False,True,True,0.3333333333333333,,,-0.03
EDR021,baseline:J_magnitude,0.10324419392881941,0.6915204678362573,0.8399999999999999,False,False,False,0.1111111111111111,,,-0.03
EDR021,baseline:Q,0.28576190725648526,0.8464912280701753,3.3599999999999994,False,False,False,0.2222222222222222,,,-0.03
EDR021,baseline:pressure_anisotropy_abs,0.5969206613645424,0.9634502923976609,0.08999999999999986,True,True,True,0.4444444444444444,,,-0.03
EDR021,nonlinear_invariant,0.10086922436176837,0.8282163742690059,0.8399999999999999,False,False,False,0.0,0.01536450456950375,0.015241226309951752,-0.03
EDR021,sparse_invariant,0.21448080434552785,0.8614766081871345,0.03000000000000025,True,True,True,0.1111111111111111,0.03690226911051179,0.013331959405137246,-0.03
EDR022,baseline:D_e_abs,0.7644230769230769,0.9916387959866221,0.5700000000000003,False,False,True,0.75,,,-0.03
EDR022,baseline:D_e_normalized,0.013023361815735905,0.37876254180602004,5.58,False,False,False,0.0,,,-0.03
EDR022,baseline:D_e_positive,0.013201320132013201,0.2625418060200669,0.6000000000000005,False,False,False,0.0,,,-0.03
EDR022,baseline:E_parallel_abs,0.14712560167105623,0.8812709030100335,0.6000000000000005,False,False,False,0.0,,,-0.03
EDR022,baseline:E_prime_magnitude,0.02575874299837899,0.6881270903010034,3.69,False,False,False,0.0,,,-0.03
EDR022,baseline:J_magnitude,1.0,1.0,0.0,True,True,True,1.0,,,-0.03
EDR022,baseline:Q,0.45971933471933474,0.9623745819397993,0.02999999999999936,True,True,True,0.5,,,-0.03
EDR022,baseline:pressure_anisotropy_abs,0.009021323495110308,0.10284280936454851,3.75,False,False,False,0.0,,,-0.03
EDR022,nonlinear_invariant,1.0,1.0,0.0,True,True,True,1.0,0.007064811958997737,0.014061554910181323,-0.03
EDR022,sparse_invariant,0.8088235294117647,0.9891304347826088,0.41999999999999993,False,False,True,0.75,0.031056432302568465,0.03474301484151132,-0.03
EDR023,baseline:D_e_abs,0.35906990251281523,0.8711701734957549,0.2699999999999996,False,True,True,0.2222222222222222,,,-0.03
EDR023,baseline:D_e_normalized,0.025940729239176497,0.41934293097083797,1.6799999999999997,False,False,False,0.0,,,-0.03
EDR023,baseline:D_e_positive,0.06200312609480691,0.45773348098929495,0.2999999999999998,False,True,True,0.1111111111111111,,,-0.03
EDR023,baseline:E_parallel_abs,0.19707298720305333,0.7785160575858249,0.03000000000000025,True,True,True,0.1111111111111111,,,-0.03
EDR023,baseline:E_prime_magnitude,0.04776449054612787,0.6459948320413438,0.75,False,False,False,0.0,,,-0.03
EDR023,baseline:J_magnitude,0.9273504273504274,0.9937246216315984,0.03000000000000025,True,True,True,0.4444444444444444,,,-0.03
EDR023,baseline:Q,0.6968099371200145,0.9361387966039129,0.27000000000000046,False,True,True,0.4444444444444444,,,-0.03
EDR023,baseline:pressure_anisotropy_abs,0.02018901389416233,0.24510889627168697,1.38,False,False,False,0.0,,,-0.03
EDR023,nonlinear_invariant,1.0,0.9999999999999999,0.1200000000000001,True,True,True,0.4444444444444444,0.03768160721407774,0.04603199806480422,-0.03
EDR023,sparse_invariant,0.9888888888888892,0.9996308600959763,0.03000000000000025,True,True,True,0.4444444444444444,0.05142209910297898,0.05843768318999436,-0.03
EDR025,baseline:D_e_abs,0.258080146419036,0.7737172388335178,3.6899999999999995,False,False,False,0.2222222222222222,,,-0.03
EDR025,baseline:D_e_normalized,0.057816947551776104,0.7482465854558877,0.8700000000000001,False,False,False,0.0,,,-0.03
EDR025,baseline:D_e_positive,0.38711275975768733,0.9125138427464009,3.6899999999999995,False,False,False,0.3333333333333333,,,-0.03
EDR025,baseline:E_parallel_abs,0.20243013923338418,0.7397563676633443,4.17,False,False,False,0.2222222222222222,,,-0.03
EDR025,baseline:E_prime_magnitude,0.1193302937501355,0.819859726836471,3.6899999999999995,False,False,False,0.0,,,-0.03
EDR025,baseline:J_magnitude,0.9013548180214848,0.9966777408637875,0.0600000000000005,True,True,True,0.4444444444444444,,,-0.03
EDR025,baseline:Q,0.1905682016719103,0.8689553340716132,3.0600000000000005,False,False,False,0.1111111111111111,,,-0.03
EDR025,baseline:pressure_anisotropy_abs,0.024311905450682514,0.3647102251753414,5.309999999999999,False,False,False,0.0,,,-0.03
EDR025,nonlinear_invariant,0.4976291739449635,0.9844961240310078,3.0600000000000005,False,False,False,0.1111111111111111,0.021728174451847628,0.01978843243142013,-0.03
EDR025,sparse_invariant,0.3664443581110248,0.9708379475821336,3.0600000000000005,False,False,False,0.1111111111111111,0.03757787783230264,0.04724872236284976,-0.03
EDR028,baseline:D_e_abs,0.10742371557187297,0.8168896321070234,0.75,False,False,False,0.0,,,-0.03
EDR028,baseline:D_e_normalized,0.02844791838536108,0.5016722408026756,1.4699999999999998,False,False,False,0.0,,,-0.03
EDR028,baseline:D_e_positive,0.05272756291389431,0.560200668896321,0.8099999999999996,False,False,False,0.0,,,-0.03
EDR028,baseline:E_parallel_abs,0.03407710086944401,0.544314381270903,2.4299999999999997,False,False,False,0.0,,,-0.03
EDR028,baseline:E_prime_magnitude,0.032047006283500254,0.5510033444816054,0.75,False,False,False,0.0,,,-0.03
EDR028,baseline:J_magnitude,1.0,1.0,0.03000000000000025,True,True,True,0.5,,,-0.03
EDR028,baseline:Q,0.05016816917080032,0.5117056856187291,2.16,False,False,False,0.0,,,-0.03
EDR028,baseline:pressure_anisotropy_abs,0.023168408792298208,0.382943143812709,1.7699999999999996,False,False,False,0.0,,,-0.03
EDR028,nonlinear_invariant,0.6249323593073592,0.9912207357859532,0.1800000000000006,False,True,True,0.25,0.01777322746111824,0.026340358066526872,-0.03
EDR028,sparse_invariant,0.9206845238095238,0.9979096989966555,0.15000000000000036,False,True,True,0.5,0.03697680056736933,0.04883035511034378,-0.03
EDR034,baseline:D_e_abs,0.45271388646232696,0.91546696197859,0.02999999999999936,True,True,True,0.2222222222222222,,,-0.03
EDR034,baseline:D_e_normalized,0.05237301864221613,0.6936138796603912,2.1,False,False,False,0.0,,,-0.03
EDR034,baseline:D_e_positive,0.4226083510600611,0.8645256552233296,0.02999999999999936,True,True,True,0.2222222222222222,,,-0.03
EDR034,baseline:E_parallel_abs,0.4733975900642567,0.8781838316722038,0.0,True,True,True,0.3333333333333333,,,-0.03
EDR034,baseline:E_prime_magnitude,0.2812364007523662,0.7301587301587301,0.02999999999999936,True,True,True,0.2222222222222222,,,-0.03
EDR034,baseline:J_magnitude,0.64217154270267,0.8918420081210778,0.0,True,True,True,0.4444444444444444,,,-0.03
EDR034,baseline:Q,0.07440684871922928,0.7571059431524547,0.5099999999999998,False,False,True,0.0,,,-0.03
EDR034,baseline:pressure_anisotropy_abs,0.27214400495335167,0.5060908084163898,0.08999999999999986,True,True,True,0.2222222222222222,,,-0.03
EDR034,nonlinear_invariant,0.6293285896734173,0.9730527870062754,0.0,True,True,True,0.3333333333333333,0.006692940128918829,0.02033917700061141,-0.03
EDR034,sparse_invariant,0.45307749024520744,0.864156515319306,0.0,True,True,True,0.2222222222222222,0.022925504804324526,0.0053103171059075225,-0.03
EDR035,baseline:D_e_abs,0.4102070531941604,0.8844592100406055,0.02999999999999936,True,True,True,0.3333333333333333,,,-0.03
EDR035,baseline:D_e_normalized,0.04484394810020885,0.5692137320044297,5.58,False,False,False,0.0,,,-0.03
EDR035,baseline:D_e_positive,0.2702320316921335,0.5697674418604651,0.02999999999999936,True,True,True,0.2222222222222222,,,-0.03
EDR035,baseline:E_parallel_abs,0.5388561919222704,0.8187523071244001,0.02999999999999936,True,True,True,0.3333333333333333,,,-0.03
EDR035,baseline:E_prime_magnitude,0.37726916829365503,0.7264673311184939,0.02999999999999936,True,True,True,0.3333333333333333,,,-0.03
EDR035,baseline:J_magnitude,0.8616402116402118,0.9937246216315984,0.0,True,True,True,0.4444444444444444,,,-0.03
EDR035,baseline:Q,0.636339801582806,0.9287559985234404,0.1800000000000006,False,True,True,0.3333333333333333,,,-0.03
EDR035,baseline:pressure_anisotropy_abs,0.45981495356495355,0.9335548172757475,0.2400000000000002,False,True,True,0.3333333333333333,,,-0.03
EDR035,nonlinear_invariant,0.9183006535947713,0.9907715023994094,0.1800000000000006,False,True,True,0.4444444444444444,0.006939946158288521,0.021147070790944328,-0.03
EDR035,sparse_invariant,0.847863247863248,0.9844961240310077,0.1800000000000006,False,True,True,0.4444444444444444,0.026794978867522506,0.028193812060180776,-0.03
EDR041,baseline:D_e_abs,0.24330669330669333,0.9247491638795987,2.64,False,False,False,0.16666666666666666,,,-0.03
EDR041,baseline:D_e_normalized,0.02532201418518891,0.5094760312151616,4.529999999999999,False,False,False,0.0,,,-0.03
EDR041,baseline:D_e_positive,0.4004967709885743,0.7474916387959866,0.0,True,True,True,0.3333333333333333,,,-0.03
EDR041,baseline:E_parallel_abs,0.10675833560224218,0.8584169453734671,1.9500000000000002,False,False,False,0.0,,,-0.03
EDR041,baseline:E_prime_magnitude,0.05588788517741902,0.681159420289855,2.16,False,False,False,0.0,,,-0.03
EDR041,baseline:J_magnitude,0.9761904761904762,0.9994425863991081,0.0,True,True,True,0.6666666666666666,,,-0.03
EDR041,baseline:Q,0.19024511361830607,0.8957636566332219,0.41999999999999993,False,False,True,0.16666666666666666,,,-0.03
EDR041,baseline:pressure_anisotropy_abs,0.039211577821823246,0.7196209587513935,0.96,False,False,False,0.0,,,-0.03
EDR041,nonlinear_invariant,0.9761904761904762,0.9994425863991081,0.0,True,True,True,0.6666666666666666,0.009501924863361476,0.0157193664272206,-0.03
EDR041,sparse_invariant,0.6627199792960663,0.9738015607580826,0.0,True,True,True,0.5,0.030429487683208953,0.028498805474219836,-0.03
EDR054,baseline:D_e_abs,0.3459279493192753,0.8877887788778878,0.9899999999999993,False,False,False,0.3333333333333333,,,-0.03
EDR054,baseline:D_e_normalized,0.04210992331724024,0.4954162082874954,0.3899999999999997,False,False,True,0.0,,,-0.03
EDR054,baseline:D_e_positive,0.30576923076923074,0.5660066006600659,0.08999999999999986,True,True,True,0.2222222222222222,,,-0.03
EDR054,baseline:E_parallel_abs,0.058778595917557803,0.6112944627796113,0.7199999999999998,False,False,False,0.0,,,-0.03
EDR054,baseline:E_prime_magnitude,0.11615842465669285,0.7766776677667767,1.5,False,False,False,0.0,,,-0.03
EDR054,baseline:J_magnitude,0.9888888888888889,0.9996332966629996,0.0,True,True,True,0.4444444444444444,,,-0.03
EDR054,baseline:Q,0.657324896603649,0.8434176751008434,0.03000000000000025,True,True,True,0.4444444444444444,,,-0.03
EDR054,baseline:pressure_anisotropy_abs,0.7984848484848486,0.9900990099009901,0.0,True,True,True,0.4444444444444444,,,-0.03
EDR054,nonlinear_invariant,0.7615307615307616,0.9251925192519251,0.0,True,True,True,0.4444444444444444,0.004541946020700572,0.01953172166449633,-0.03
EDR054,sparse_invariant,0.8383838383838383,0.9908324165749909,0.0,True,True,True,0.4444444444444444,0.02058995434661271,0.013269885151013964,-0.03
EDR060,baseline:D_e_abs,0.07273090863642044,0.7401315789473684,0.6899999999999995,False,False,False,0.0,,,-0.03
EDR060,baseline:D_e_normalized,0.013268374083877613,0.41776315789473684,4.5,False,False,False,0.0,,,-0.03
EDR060,baseline:D_e_positive,0.06204906204906205,0.5386513157894737,0.75,False,False,False,0.0,,,-0.03
EDR060,baseline:E_parallel_abs,0.01993115460771132,0.49506578947368424,2.7,False,False,False,0.0,,,-0.03
EDR060,baseline:E_prime_magnitude,0.014992998529324654,0.4605263157894737,1.92,False,False,False,0.0,,,-0.03
EDR060,baseline:J_magnitude,0.20654761904761904,0.9555921052631579,0.6299999999999999,False,False,False,0.0,,,-0.03
EDR060,baseline:Q,0.013812470040009527,0.43996710526315785,3.5700000000000003,False,False,False,0.0,,,-0.03
EDR060,baseline:pressure_anisotropy_abs,0.011170583325654081,0.296875,3.5700000000000003,False,False,False,0.0,,,-0.03
EDR060,nonlinear_invariant,0.017614763708513708,0.5600328947368421,0.6600000000000001,False,False,False,0.0,0.0274105511079011,0.016107111253250733,-0.03
EDR060,sparse_invariant,0.0258005643528715,0.6899671052631579,1.8899999999999997,False,False,False,0.0,0.04373463412694155,0.031236003531104728,-0.03
EDR064,baseline:D_e_abs,0.6106836763865066,0.9222408026755853,0.0,True,True,True,0.5,,,-0.03
EDR064,baseline:D_e_normalized,0.14307137157223657,0.7913879598662208,1.3500000000000005,False,False,False,0.0,,,-0.03
EDR064,baseline:D_e_positive,0.6240906623235614,0.8760451505016722,0.0,True,True,True,0.5,,,-0.03
EDR064,baseline:E_parallel_abs,0.5177623477151779,0.8361204013377925,0.02999999999999936,True,True,True,0.375,,,-0.03
EDR064,baseline:E_prime_magnitude,0.17314920538206827,0.8285953177257525,3.1500000000000004,False,False,False,0.125,,,-0.03
EDR064,baseline:J_magnitude,0.6189440359477124,0.8595317725752508,0.0,True,True,True,0.375,,,-0.03
EDR064,baseline:Q,0.5057732768722701,0.7625418060200669,0.02999999999999936,True,True,True,0.375,,,-0.03
EDR064,baseline:pressure_anisotropy_abs,0.04912305524089593,0.46321070234113715,0.47999999999999954,False,False,True,0.0,,,-0.03
EDR064,nonlinear_invariant,0.5906411482725167,0.8173076923076923,0.0,True,True,True,0.5,0.0050263878969445605,0.018087683500450417,-0.03
EDR064,sparse_invariant,0.5379330021482277,0.8478260869565217,0.0,True,True,True,0.375,0.02202793652620342,0.0072440008873966445,-0.03
EDR066,baseline:D_e_abs,0.9682539682539681,0.9990444338270426,0.0,True,True,True,0.5714285714285714,,,-0.03
EDR066,baseline:D_e_normalized,0.2740093647931982,0.8963210702341138,0.05999999999999961,True,True,True,0.14285714285714285,,,-0.03
EDR066,baseline:D_e_positive,0.9682539682539681,0.9990444338270426,0.0,True,True,True,0.5714285714285714,,,-0.03
EDR066,baseline:E_parallel_abs,0.25358490934252487,0.8021978021978021,1.62,False,False,False,0.2857142857142857,,,-0.03
EDR066,baseline:E_prime_magnitude,0.8187074829931971,0.9937888198757764,0.0,True,True,True,0.42857142857142855,,,-0.03
EDR066,baseline:J_magnitude,0.9025974025974024,0.9928332537028189,0.0,True,True,True,0.5714285714285714,,,-0.03
EDR066,baseline:Q,0.6703822645809593,0.8982322025800287,0.05999999999999961,True,True,True,0.5714285714285714,,,-0.03
EDR066,baseline:pressure_anisotropy_abs,0.08529974089507762,0.7176301958910655,0.27000000000000046,False,True,True,0.0,,,-0.03
EDR066,nonlinear_invariant,0.9238095238095236,0.9961777353081701,0.0,True,True,True,0.5714285714285714,0.00483752570660453,0.013420624571653945,-0.03
EDR066,sparse_invariant,0.9047619047619047,0.9933110367892977,0.02999999999999936,True,True,True,0.5714285714285714,0.019426672973842127,0.019895090497554932,-0.03
EDR072,baseline:D_e_abs,0.040393596893105,0.7558528428093646,3.9,False,False,False,0.0,,,-0.03
EDR072,baseline:D_e_normalized,0.01241275502977273,0.2274247491638796,4.32,False,False,False,0.0,,,-0.03
EDR072,baseline:D_e_positive,0.01644736842105263,0.18561872909698995,3.9,False,False,False,0.0,,,-0.03
EDR072,baseline:E_parallel_abs,0.11397694782787951,0.8481605351170569,4.47,False,False,False,0.2,,,-0.03
EDR072,baseline:E_prime_magnitude,0.018036707827635536,0.451505016722408,4.47,False,False,False,0.0,,,-0.03
EDR072,baseline:J_magnitude,1.0,1.0,0.08999999999999986,True,True,True,0.8,,,-0.03
EDR072,baseline:Q,0.48018018018018016,0.9237458193979933,0.14999999999999947,True,True,True,0.4,,,-0.03
EDR072,baseline:pressure_anisotropy_abs,0.01881131939955469,0.42943143812709034,3.48,False,False,False,0.0,,,-0.03
EDR072,nonlinear_invariant,1.0,1.0,0.05999999999999961,True,True,True,0.8,0.016280598100453094,0.025917361074590622,-0.03
EDR072,sparse_invariant,1.0,1.0,0.03000000000000025,True,True,True,0.8,0.03979742540182531,0.05071757589335308,-0.03
EDR001,baseline:D_e_abs,0.7464885192593371,0.897682119205298,0.0,True,True,True,0.4,,,0.03
EDR001,baseline:D_e_normalized,0.11016102563505933,0.8443708609271523,0.6900000000000004,False,False,False,0.0,,,0.03
EDR001,baseline:D_e_positive,0.8288735774029892,0.923841059602649,0.0,True,True,True,0.4,,,0.03
EDR001,baseline:E_parallel_abs,0.5222771131307716,0.8768211920529801,0.0,True,True,True,0.3,,,0.03
EDR001,baseline:E_prime_magnitude,0.2516465879369105,0.8804635761589403,2.25,False,False,False,0.2,,,0.03
EDR001,baseline:J_magnitude,0.7991437728937729,0.9897350993377484,0.0,True,True,True,0.4,,,0.03
EDR001,baseline:Q,0.300380648433166,0.6437086092715232,3.21,False,False,False,0.3,,,0.03
EDR001,baseline:pressure_anisotropy_abs,0.7550191570881226,0.9675496688741722,0.03000000000000025,True,True,True,0.4,,,0.03
EDR001,nonlinear_invariant,0.5443809523809524,0.9718543046357615,0.0,True,True,True,0.2,0.004465898379494152,0.02719851763593905,0.03
EDR001,sparse_invariant,0.44009818080470253,0.9400662251655629,0.0,True,True,True,0.2,0.01939186257217844,0.011277924572186078,0.03
EDR003,baseline:D_e_abs,0.0664360335028732,0.7005291005291006,1.5600000000000005,False,False,False,0.0,,,0.03
EDR003,baseline:D_e_normalized,0.022958712039594393,0.5227513227513227,4.709999999999999,False,False,False,0.0,,,0.03
EDR003,baseline:D_e_positive,0.044976136272865244,0.5328042328042328,1.5600000000000005,False,False,False,0.0,,,0.03
EDR003,baseline:E_parallel_abs,0.06554556586560768,0.717989417989418,5.13,False,False,False,0.0,,,0.03
EDR003,baseline:E_prime_magnitude,0.18457946400376565,0.7444444444444445,5.46,False,False,False,0.16666666666666666,,,0.03
EDR003,baseline:J_magnitude,0.13726412992406495,0.8417989417989418,0.8399999999999999,False,False,False,0.16666666666666666,,,0.03
EDR003,baseline:Q,0.09792314448334596,0.8915343915343915,5.1,False,False,False,0.0,,,0.03
EDR003,baseline:pressure_anisotropy_abs,0.12927824329075355,0.7386243386243386,3.42,False,False,False,0.0,,,0.03
EDR003,nonlinear_invariant,0.3415118079752226,0.870899470899471,0.02999999999999936,True,True,True,0.3333333333333333,0.00987194889505776,0.008509247215273966,0.03
EDR003,sparse_invariant,0.16937285725416862,0.8645502645502645,5.1,False,False,False,0.16666666666666666,0.032254339456142464,0.02084999799201836,0.03
EDR007,baseline:D_e_abs,0.16244544693127583,0.7169934640522876,5.85,False,False,False,0.1,,,0.03
EDR007,baseline:D_e_normalized,0.038156446901467356,0.5794117647058823,0.33000000000000007,False,False,True,0.0,,,0.03
EDR007,baseline:D_e_positive,0.2015970591945933,0.6405228758169934,0.39000000000000057,False,False,True,0.2,,,0.03
EDR007,baseline:E_parallel_abs,0.35617704710031967,0.8669934640522875,0.5699999999999994,False,False,True,0.2,,,0.03
EDR007,baseline:E_prime_magnitude,0.05583784080188309,0.6,2.6100000000000003,False,False,False,0.0,,,0.03
EDR007,baseline:J_magnitude,0.8116607412195647,0.9447712418300654,0.0,True,True,True,0.4,,,0.03
EDR007,baseline:Q,0.8756090314913844,0.9356209150326797,0.02999999999999936,True,True,True,0.4,,,0.03
EDR007,baseline:pressure_anisotropy_abs,0.02055642980933162,0.19803921568627453,0.3600000000000003,False,False,True,0.0,,,0.03
EDR007,nonlinear_invariant,0.9103092783505154,0.9715686274509805,0.03000000000000025,True,True,True,0.4,0.00790377272138783,0.01886114986674159,0.03
EDR007,sparse_invariant,0.8892808683853459,0.9588235294117647,0.02999999999999936,True,True,True,0.4,0.028840366914729923,0.03729726834048187,0.03
EDR011,baseline:D_e_abs,0.16635701564969596,0.7585714285714286,0.7800000000000002,False,False,False,0.14285714285714285,,,0.03
EDR011,baseline:D_e_normalized,0.01882201949996326,0.35095238095238096,1.5599999999999996,False,False,False,0.0,,,0.03
EDR011,baseline:D_e_positive,0.11234904385206851,0.46952380952380957,0.7800000000000002,False,False,False,0.14285714285714285,,,0.03
EDR011,baseline:E_parallel_abs,0.0573023650362861,0.7171428571428571,5.46,False,False,False,0.0,,,0.03
EDR011,baseline:E_prime_magnitude,0.15942657472953803,0.8714285714285714,0.75,False,False,False,0.14285714285714285,,,0.03
EDR011,baseline:J_magnitude,0.515893957737178,0.9366666666666666,0.02999999999999936,True,True,True,0.42857142857142855,,,0.03
EDR011,baseline:Q,0.3377457536925975,0.8947619047619046,0.7800000000000002,False,False,False,0.2857142857142857,,,0.03
EDR011,baseline:pressure_anisotropy_abs,0.017869585678345172,0.31333333333333335,5.85,False,False,False,0.0,,,0.03
EDR011,nonlinear_invariant,0.5451430328466669,0.8514285714285714,0.02999999999999936,True,True,True,0.42857142857142855,0.030162047487817093,0.022412729702609793,0.03
EDR011,sparse_invariant,0.4269754055468341,0.8585714285714285,0.02999999999999936,True,True,True,0.2857142857142857,0.04583105821362628,0.03630067119843078,0.03
EDR013,baseline:D_e_abs,0.158025254113614,0.7593333333333334,5.34,False,False,False,0.0,,,0.03
EDR013,baseline:D_e_normalized,0.05143948645154234,0.593,3.99,False,False,False,0.0,,,0.03
EDR013,baseline:D_e_positive,0.20504258789416455,0.7298333333333333,5.34,False,False,False,0.0,,,0.03
EDR013,baseline:E_parallel_abs,0.17142025101934483,0.7506666666666667,0.08999999999999986,True,True,True,0.1,,,0.03
EDR013,baseline:E_prime_magnitude,0.11014339485973919,0.7939999999999999,5.4,False,False,False,0.0,,,0.03
EDR013,baseline:J_magnitude,0.1622635758786446,0.8893333333333333,2.73,False,False,False,0.0,,,0.03
EDR013,baseline:Q,0.7036430236430236,0.978,0.41999999999999993,False,False,True,0.3,,,0.03
EDR013,baseline:pressure_anisotropy_abs,0.13237894696306432,0.8306666666666667,3.42,False,False,False,0.0,,,0.03
EDR013,nonlinear_invariant,0.6271163202122954,0.9776666666666668,0.03000000000000025,True,True,True,0.3,0.051371215631253825,0.03734777445133711,0.03
EDR013,sparse_invariant,0.4797071247071247,0.9636666666666667,0.41999999999999993,False,False,True,0.3,0.053225304791283984,0.046086953740406715,0.03
EDR014,baseline:D_e_abs,0.42921817765567766,0.9387500000000001,0.0,True,True,True,0.25,,,0.03
EDR014,baseline:D_e_normalized,0.05585188234493595,0.7520833333333333,3.96,False,False,False,0.0,,,0.03
EDR014,baseline:D_e_positive,0.4086455211455211,0.8166666666666667,0.0,True,True,True,0.25,,,0.03
EDR014,baseline:E_parallel_abs,0.33254682145811176,0.9208333333333333,0.0,True,True,True,0.25,,,0.03
EDR014,baseline:E_prime_magnitude,0.2709484741852656,0.8895833333333333,0.0,True,True,True,0.125,,,0.03
EDR014,baseline:J_magnitude,0.9427083333333333,0.9979166666666667,0.03000000000000025,True,True,True,0.5,,,0.03
EDR014,baseline:Q,0.7170003607503608,0.99375,0.0,True,True,True,0.25,,,0.03
EDR014,baseline:pressure_anisotropy_abs,0.018068874396478175,0.24041666666666667,0.3600000000000003,False,False,True,0.0,,,0.03
EDR014,nonlinear_invariant,0.6208333333333333,0.9904166666666667,1.4699999999999998,False,False,False,0.25,0.06888083625972644,0.05823879921362774,0.03
EDR014,sparse_invariant,0.8790178571428572,0.9966666666666667,0.2699999999999996,False,True,True,0.375,0.0624623869946114,0.062090881857953,0.03
EDR015,baseline:D_e_abs,0.7096774193548386,0.9544444444444444,0.05999999999999961,True,True,True,0.6666666666666666,,,0.03
EDR015,baseline:D_e_normalized,0.025801638495082328,0.5722222222222222,1.7699999999999996,False,False,False,0.0,,,0.03
EDR015,baseline:D_e_positive,0.5355214549587951,0.7383333333333333,0.0,True,True,True,0.5,,,0.03
EDR015,baseline:E_parallel_abs,0.19201460777547735,0.9450000000000001,0.54,False,False,True,0.0,,,0.03
EDR015,baseline:E_prime_magnitude,0.8152777777777778,0.995,0.02999999999999936,True,True,True,0.5,,,0.03
EDR015,baseline:J_magnitude,1.0,1.0,0.05999999999999961,True,True,True,0.6666666666666666,,,0.03
EDR015,baseline:Q,0.7094572094572095,0.9838888888888889,0.05999999999999961,True,True,True,0.5,,,0.03
EDR015,baseline:pressure_anisotropy_abs,0.021094675125423665,0.48666666666666664,5.13,False,False,False,0.0,,,0.03
EDR015,nonlinear_invariant,0.5429945054945055,0.9894444444444445,5.3100000000000005,False,False,False,0.3333333333333333,0.026354237562608386,0.019569077803169972,0.03
EDR015,sparse_invariant,1.0,1.0,0.05999999999999961,True,True,True,0.6666666666666666,0.039030593300133254,0.040825384179653895,0.03
EDR017,baseline:D_e_abs,0.571944795617362,0.9442857142857144,3.3600000000000003,False,False,False,0.42857142857142855,,,0.03
EDR017,baseline:D_e_normalized,0.07134620365781683,0.568095238095238,4.32,False,False,False,0.0,,,0.03
EDR017,baseline:D_e_positive,0.3978672250659221,0.6823809523809523,3.3600000000000003,False,False,False,0.42857142857142855,,,0.03
EDR017,baseline:E_parallel_abs,0.2818041475175289,0.8233333333333334,4.26,False,False,False,0.2857142857142857,,,0.03
EDR017,baseline:E_prime_magnitude,0.04031867997936669,0.5933333333333333,4.74,False,False,False,0.0,,,0.03
EDR017,baseline:J_magnitude,0.8766233766233766,0.9961904761904762,0.17999999999999972,False,True,True,0.5714285714285714,,,0.03
EDR017,baseline:Q,0.44318439497010925,0.899047619047619,0.14999999999999947,True,True,True,0.42857142857142855,,,0.03
EDR017,baseline:pressure_anisotropy_abs,0.017008259846544076,0.2842857142857143,4.68,False,False,False,0.0,,,0.03
EDR017,nonlinear_invariant,0.6529375386518244,0.9814285714285713,0.17999999999999972,False,True,True,0.42857142857142855,0.012552792679209585,0.010668341022190829,0.03
EDR017,sparse_invariant,0.6479591836734693,0.9771428571428571,0.14999999999999947,True,True,True,0.42857142857142855,0.03540055184032009,0.028490386427306606,0.03
EDR018,baseline:D_e_abs,0.13818054416635775,0.8023333333333335,0.5999999999999996,False,False,True,0.1,,,0.03
EDR018,baseline:D_e_normalized,0.03020968743108398,0.42566666666666664,4.59,False,False,False,0.0,,,0.03
EDR018,baseline:D_e_positive,0.060288978494623655,0.49750000000000005,0.5999999999999996,False,False,True,0.0,,,0.03
EDR018,baseline:E_parallel_abs,0.1267815767122013,0.8406666666666667,3.0600000000000005,False,False,False,0.0,,,0.03
EDR018,baseline:E_prime_magnitude,0.06464494789734679,0.698,0.5999999999999996,False,False,True,0.0,,,0.03
EDR018,baseline:J_magnitude,0.3462208485814956,0.864,0.8399999999999999,False,False,False,0.2,,,0.03
EDR018,baseline:Q,0.4143793180019226,0.8413333333333333,2.67,False,False,False,0.3,,,0.03
EDR018,baseline:pressure_anisotropy_abs,0.037941492738220166,0.5706666666666667,0.5099999999999998,False,False,True,0.0,,,0.03
EDR018,nonlinear_invariant,0.5005671114599687,0.9023333333333333,0.8700000000000001,False,False,False,0.3,0.03148075720160076,0.017194534519603524,0.03
EDR018,sparse_invariant,0.509679374563985,0.868,0.02999999999999936,True,True,True,0.3,0.052796636094146226,0.037528676973524445,0.03
EDR019,baseline:D_e_abs,0.8908974358974359,0.9933333333333334,0.03000000000000025,True,True,True,0.4,,,0.03
EDR019,baseline:D_e_normalized,0.09454677005273353,0.741,5.73,False,False,False,0.0,,,0.03
EDR019,baseline:D_e_positive,0.8521146953405018,0.9246666666666666,0.03000000000000025,True,True,True,0.4,,,0.03
EDR019,baseline:E_parallel_abs,0.5922832437932863,0.94,0.0,True,True,True,0.3,,,0.03
EDR019,baseline:E_prime_magnitude,0.3660257341529242,0.819,0.0,True,True,True,0.3,,,0.03
EDR019,baseline:J_magnitude,0.9833333333333333,0.9993333333333333,0.0,True,True,True,0.4,,,0.03
EDR019,baseline:Q,0.04668573940708281,0.648,2.219999999999999,False,False,False,0.0,,,0.03
EDR019,baseline:pressure_anisotropy_abs,0.02201648890192211,0.2343333333333333,2.039999999999999,False,False,False,0.0,,,0.03
EDR019,nonlinear_invariant,0.9622222222222222,0.9986666666666666,0.0,True,True,True,0.4,0.016211537499528205,0.03088404338459655,0.03
EDR019,sparse_invariant,0.3235376749153839,0.9543333333333334,2.219999999999999,False,False,False,0.2,0.0461173996569585,0.04352088385945677,0.03
EDR020,baseline:D_e_abs,0.6297502818388419,0.9308970099667774,0.47999999999999954,False,False,True,0.4,,,0.03
EDR020,baseline:D_e_normalized,0.03920104580908052,0.5428571428571429,2.04,False,False,False,0.0,,,0.03
EDR020,baseline:D_e_positive,0.45445656392061207,0.6667774086378737,0.47999999999999954,False,False,True,0.4,,,0.03
EDR020,baseline:E_parallel_abs,0.17302911330365173,0.6980066445182724,0.0,True,True,True,0.1,,,0.03
EDR020,baseline:E_prime_magnitude,0.29289246572141303,0.8335548172757475,0.0,True,True,True,0.1,,,0.03
EDR020,baseline:J_magnitude,0.9999999999999999,1.0,0.47999999999999954,False,False,True,0.4,,,0.03
EDR020,baseline:Q,0.6173039215686275,0.9661129568106313,0.3899999999999997,False,False,True,0.3,,,0.03
EDR020,baseline:pressure_anisotropy_abs,0.050381700168181325,0.6797342192691029,1.92,False,False,False,0.0,,,0.03
EDR020,nonlinear_invariant,0.9444011544011545,0.9983388704318937,0.54,False,False,True,0.4,0.016232226800464763,0.03466386997112545,0.03
EDR020,sparse_invariant,0.9540404040404039,0.9983388704318936,0.3899999999999997,False,False,True,0.4,0.0414398357430298,0.04407376923187079,0.03
EDR021,baseline:D_e_abs,0.46340366713487013,0.9495081967213115,0.20999999999999996,False,True,True,0.2,,,0.03
EDR021,baseline:D_e_normalized,0.03491422403516914,0.418688524590164,5.9399999999999995,False,False,False,0.0,,,0.03
EDR021,baseline:D_e_positive,0.1925770308123249,0.5118032786885245,0.20999999999999996,False,True,True,0.2,,,0.03
EDR021,baseline:E_parallel_abs,0.19651615808474718,0.7032786885245902,0.17999999999999972,False,True,True,0.1,,,0.03
EDR021,baseline:E_prime_magnitude,0.5891470434327577,0.9357377049180329,0.17999999999999972,False,True,True,0.3,,,0.03
EDR021,baseline:J_magnitude,0.11244783056389786,0.7491803278688525,0.8399999999999999,False,False,False,0.1,,,0.03
EDR021,baseline:Q,0.38792597187758476,0.9127868852459015,3.3599999999999994,False,False,False,0.2,,,0.03
EDR021,baseline:pressure_anisotropy_abs,0.3699107344524214,0.9357377049180329,0.08999999999999986,True,True,True,0.2,,,0.03
EDR021,nonlinear_invariant,0.14343924695443672,0.8668852459016393,0.8399999999999999,False,False,False,0.0,0.01536450456950375,0.01787709618047531,0.03
EDR021,sparse_invariant,0.2379199931357127,0.9022950819672131,0.03000000000000025,True,True,True,0.1,0.03690226911051179,0.010791073927054426,0.03
EDR022,baseline:D_e_abs,0.34110007639419404,0.9585714285714286,0.5700000000000003,False,False,True,0.2857142857142857,,,0.03
EDR022,baseline:D_e_normalized,0.018422869695131953,0.3223809523809523,5.58,False,False,False,0.0,,,0.03
EDR022,baseline:D_e_positive,0.02280130293159609,0.265,0.6000000000000005,False,False,False,0.0,,,0.03
EDR022,baseline:E_parallel_abs,0.14190259927052096,0.8871428571428571,0.6000000000000005,False,False,False,0.0,,,0.03
EDR022,baseline:E_prime_magnitude,0.03349181455671649,0.6404761904761904,3.69,False,False,False,0.0,,,0.03
EDR022,baseline:J_magnitude,0.9999999999999998,1.0,0.0,True,True,True,0.5714285714285714,,,0.03
EDR022,baseline:Q,0.2801402796377731,0.779047619047619,0.02999999999999936,True,True,True,0.2857142857142857,,,0.03
EDR022,baseline:pressure_anisotropy_abs,0.014273084860141252,0.1,3.75,False,False,False,0.0,,,0.03
EDR022,nonlinear_invariant,0.6400365024058403,0.9552380952380953,0.0,True,True,True,0.5714285714285714,0.007064811958997737,0.009786668621371557,0.03
EDR022,sparse_invariant,0.5015921041462836,0.9095238095238095,0.41999999999999993,False,False,True,0.42857142857142855,0.031056432302568465,0.024942952592461314,0.03
EDR023,baseline:D_e_abs,0.6571710978863226,0.9636666666666667,0.2699999999999996,False,True,True,0.4,,,0.03
EDR023,baseline:D_e_normalized,0.023205047913585047,0.2773333333333334,1.6799999999999997,False,False,False,0.0,,,0.03
EDR023,baseline:D_e_positive,0.05403225806451613,0.327,0.2999999999999998,False,True,True,0.1,,,0.03
EDR023,baseline:E_parallel_abs,0.21359012582101852,0.7706666666666667,0.03000000000000025,True,True,True,0.1,,,0.03
EDR023,baseline:E_prime_magnitude,0.06722582671723656,0.7236666666666667,0.75,False,False,False,0.0,,,0.03
EDR023,baseline:J_magnitude,0.9999999999999999,1.0,0.03000000000000025,True,True,True,0.4,,,0.03
EDR023,baseline:Q,0.49530949966193377,0.9156666666666667,0.27000000000000046,False,True,True,0.3,,,0.03
EDR023,baseline:pressure_anisotropy_abs,0.022431817390117445,0.24733333333333335,1.38,False,False,False,0.0,,,0.03
EDR023,nonlinear_invariant,0.980909090909091,0.9993333333333333,0.1200000000000001,True,True,True,0.4,0.03768160721407774,0.0428527502097663,0.03
EDR023,sparse_invariant,0.9999999999999999,1.0,0.03000000000000025,True,True,True,0.4,0.05142209910297898,0.06594834254269887,0.03
EDR025,baseline:D_e_abs,0.32613708380811784,0.9049342105263158,3.6899999999999995,False,False,False,0.2,,,0.03
EDR025,baseline:D_e_normalized,0.08133387286529697,0.8032894736842106,0.8700000000000001,False,False,False,0.0,,,0.03
EDR025,baseline:D_e_positive,0.5180983709273183,0.9638157894736842,3.6899999999999995,False,False,False,0.3,,,0.03
EDR025,baseline:E_parallel_abs,0.22512778340783687,0.6944078947368421,4.17,False,False,False,0.2,,,0.03
EDR025,baseline:E_prime_magnitude,0.12448162181042804,0.8296052631578947,3.6899999999999995,False,False,False,0.0,,,0.03
EDR025,baseline:J_magnitude,0.8610056610056609,0.9940789473684211,0.0600000000000005,True,True,True,0.4,,,0.03
EDR025,baseline:Q,0.20311155516011486,0.8786184210526315,3.0600000000000005,False,False,False,0.1,,,0.03
EDR025,baseline:pressure_anisotropy_abs,0.026109531112038054,0.3651315789473685,5.309999999999999,False,False,False,0.0,,,0.03
EDR025,nonlinear_invariant,0.4959523809523809,0.9825657894736842,3.0600000000000005,False,False,False,0.1,0.021728174451847628,0.022445471510695477,0.03
EDR025,sparse_invariant,0.3247709742831694,0.9555921052631579,3.0600000000000005,False,False,False,0.1,0.03757787783230264,0.03242426895387913,0.03
EDR028,baseline:D_e_abs,0.12303864928266844,0.8266666666666667,0.75,False,False,False,0.0,,,0.03
EDR028,baseline:D_e_normalized,0.02348626204186751,0.4983333333333333,1.4699999999999998,False,False,False,0.0,,,0.03
EDR028,baseline:D_e_positive,0.05057250970563664,0.5536111111111112,0.8099999999999996,False,False,False,0.0,,,0.03
EDR028,baseline:E_parallel_abs,0.03011641554560031,0.5416666666666666,2.4299999999999997,False,False,False,0.0,,,0.03
EDR028,baseline:E_prime_magnitude,0.03261795085327188,0.6644444444444445,0.75,False,False,False,0.0,,,0.03
EDR028,baseline:J_magnitude,1.0,1.0,0.03000000000000025,True,True,True,0.6666666666666666,,,0.03
EDR028,baseline:Q,0.017473823035017308,0.36277777777777775,2.16,False,False,False,0.0,,,0.03
EDR028,baseline:pressure_anisotropy_abs,0.019310092006020838,0.41388888888888886,1.7699999999999996,False,False,False,0.0,,,0.03
EDR028,nonlinear_invariant,0.5021825396825397,0.99,0.1800000000000006,False,True,True,0.16666666666666666,0.01777322746111824,0.02970603353617035,0.03
EDR028,sparse_invariant,0.8555555555555555,0.9972222222222222,0.15000000000000036,False,True,True,0.5,0.03697680056736933,0.044250802634965246,0.03
EDR034,baseline:D_e_abs,0.409712201378868,0.8425925925925926,0.02999999999999936,True,True,True,0.2222222222222222,,,0.03
EDR034,baseline:D_e_normalized,0.04919852070587364,0.6711111111111111,2.1,False,False,False,0.0,,,0.03
EDR034,baseline:D_e_positive,0.3572169135759351,0.8177777777777777,0.02999999999999936,True,True,True,0.2222222222222222,,,0.03
EDR034,baseline:E_parallel_abs,0.44188263294223556,0.7103703703703704,0.0,True,True,True,0.3333333333333333,,,0.03
EDR034,baseline:E_prime_magnitude,0.29885305537150664,0.8007407407407408,0.02999999999999936,True,True,True,0.2222222222222222,,,0.03
EDR034,baseline:J_magnitude,0.5378859503450281,0.7262962962962962,0.0,True,True,True,0.4444444444444444,,,0.03
EDR034,baseline:Q,0.08254243199488757,0.8025925925925925,0.5099999999999998,False,False,True,0.0,,,0.03
EDR034,baseline:pressure_anisotropy_abs,0.5047207940792559,0.695925925925926,0.08999999999999986,True,True,True,0.4444444444444444,,,0.03
EDR034,nonlinear_invariant,0.578935307390592,0.9555555555555556,0.0,True,True,True,0.3333333333333333,0.006692940128918829,0.02046708655196554,0.03
EDR034,sparse_invariant,0.3780602939795614,0.6796296296296296,0.0,True,True,True,0.2222222222222222,0.022925504804324526,0.005499628078421117,0.03
EDR035,baseline:D_e_abs,0.48978644851494235,0.9006666666666667,0.02999999999999936,True,True,True,0.4,,,0.03
EDR035,baseline:D_e_normalized,0.04199662803514433,0.4993333333333333,5.58,False,False,False,0.0,,,0.03
EDR035,baseline:D_e_positive,0.23837011884550086,0.4708333333333333,0.02999999999999936,True,True,True,0.2,,,0.03
EDR035,baseline:E_parallel_abs,0.5940648795648795,0.8866666666666666,0.02999999999999936,True,True,True,0.3,,,0.03
EDR035,baseline:E_prime_magnitude,0.581856361007848,0.8626666666666667,0.02999999999999936,True,True,True,0.4,,,0.03
EDR035,baseline:J_magnitude,0.6225793239807927,0.9483333333333333,0.0,True,True,True,0.4,,,0.03
EDR035,baseline:Q,0.3649280037160781,0.8743333333333333,0.1800000000000006,False,True,True,0.2,,,0.03
EDR035,baseline:pressure_anisotropy_abs,0.2197964886088709,0.8789999999999999,0.2400000000000002,False,True,True,0.1,,,0.03
EDR035,nonlinear_invariant,0.725239195832416,0.9651666666666666,0.1800000000000006,False,True,True,0.4,0.006939946158288521,0.02461761232538923,0.03
EDR035,sparse_invariant,0.8678571428571428,0.986,0.1800000000000006,False,True,True,0.4,0.026794978867522506,0.021499367289325805,0.03
EDR041,baseline:D_e_abs,0.2829182582123758,0.96,2.64,False,False,False,0.2,,,0.03
EDR041,baseline:D_e_normalized,0.044113942400618514,0.7686666666666666,4.529999999999999,False,False,False,0.0,,,0.03
EDR041,baseline:D_e_positive,0.5253588516746412,0.9826666666666666,0.0,True,True,True,0.4,,,0.03
EDR041,baseline:E_parallel_abs,0.12015675598733142,0.916,1.9500000000000002,False,False,False,0.0,,,0.03
EDR041,baseline:E_prime_magnitude,0.06560588872064282,0.8393333333333334,2.16,False,False,False,0.0,,,0.03
EDR041,baseline:J_magnitude,0.8769230769230769,0.9946666666666667,0.0,True,True,True,0.8,,,0.03
EDR041,baseline:Q,0.07490815647868429,0.754,0.41999999999999993,False,False,True,0.0,,,0.03
EDR041,baseline:pressure_anisotropy_abs,0.02318045577575323,0.6046666666666667,0.96,False,False,False,0.0,,,0.03
EDR041,nonlinear_invariant,0.8232558139534885,0.9746666666666667,0.0,True,True,True,0.8,0.009501924863361476,0.013720611617148847,0.03
EDR041,sparse_invariant,0.7335164835164836,0.9666666666666666,0.0,True,True,True,0.6,0.030429487683208953,0.0314583506136651,0.03
EDR054,baseline:D_e_abs,0.46843939393939393,0.9615131578947369,0.9899999999999993,False,False,False,0.3,,,0.03
EDR054,baseline:D_e_normalized,0.10671495247991342,0.6677631578947368,0.3899999999999997,False,False,True,0.0,,,0.03
EDR054,baseline:D_e_positive,0.49618515617016923,0.7601973684210526,0.08999999999999986,True,True,True,0.3,,,0.03
EDR054,baseline:E_parallel_abs,0.13191185045981232,0.7217105263157895,0.7199999999999998,False,False,False,0.0,,,0.03
EDR054,baseline:E_prime_magnitude,0.1599916420960848,0.8500000000000001,1.5,False,False,False,0.0,,,0.03
EDR054,baseline:J_magnitude,0.9588235294117646,0.9976973684210526,0.0,True,True,True,0.4,,,0.03
EDR054,baseline:Q,0.6412514116318464,0.8588815789473684,0.03000000000000025,True,True,True,0.4,,,0.03
EDR054,baseline:pressure_anisotropy_abs,0.9249999999999999,0.9957236842105263,0.0,True,True,True,0.4,,,0.03
EDR054,nonlinear_invariant,0.9625,0.9980263157894737,0.0,True,True,True,0.4,0.004541946020700572,0.02224267254401536,0.03
EDR054,sparse_invariant,0.8767307692307692,0.9927631578947369,0.0,True,True,True,0.4,0.02058995434661271,0.010315866924194587,0.03
EDR060,baseline:D_e_abs,0.06734236381941719,0.6754098360655738,0.6899999999999995,False,False,False,0.0,,,0.03
EDR060,baseline:D_e_normalized,0.022206564376864156,0.5245901639344261,4.5,False,False,False,0.0,,,0.03
EDR060,baseline:D_e_positive,0.06754291946371825,0.7010928961748635,0.75,False,False,False,0.0,,,0.03
EDR060,baseline:E_parallel_abs,0.020216917710756857,0.3885245901639344,2.7,False,False,False,0.0,,,0.03
EDR060,baseline:E_prime_magnitude,0.021802121069193225,0.49234972677595634,1.92,False,False,False,0.0,,,0.03
EDR060,baseline:J_magnitude,0.30567076292882744,0.9650273224043716,0.6299999999999999,False,False,False,0.0,,,0.03
EDR060,baseline:Q,0.019101787006849228,0.44754098360655736,3.5700000000000003,False,False,False,0.0,,,0.03
EDR060,baseline:pressure_anisotropy_abs,0.013683094741614943,0.21256830601092896,3.5700000000000003,False,False,False,0.0,,,0.03
EDR060,nonlinear_invariant,0.0332144908146757,0.6612021857923497,0.6600000000000001,False,False,False,0.0,0.0274105511079011,0.010652549995842519,0.03
EDR060,sparse_invariant,0.044296941987159374,0.7672131147540984,1.8899999999999997,False,False,False,0.0,0.04373463412694155,0.024140187561783436,0.03
EDR064,baseline:D_e_abs,0.49537959953977034,0.8283333333333335,0.0,True,True,True,0.4,,,0.03
EDR064,baseline:D_e_normalized,0.0937036360676465,0.6990000000000001,1.3500000000000005,False,False,False,0.0,,,0.03
EDR064,baseline:D_e_positive,0.5054992319508449,0.805,0.0,True,True,True,0.4,,,0.03
EDR064,baseline:E_parallel_abs,0.4636647631608294,0.8103333333333333,0.02999999999999936,True,True,True,0.3,,,0.03
EDR064,baseline:E_prime_magnitude,0.16708500464409376,0.8363333333333334,3.1500000000000004,False,False,False,0.1,,,0.03
EDR064,baseline:J_magnitude,0.5169733044627454,0.8109999999999999,0.0,True,True,True,0.3,,,0.03
EDR064,baseline:Q,0.4488909784922751,0.8356666666666667,0.02999999999999936,True,True,True,0.3,,,0.03
EDR064,baseline:pressure_anisotropy_abs,0.12106116697341715,0.654,0.47999999999999954,False,False,True,0.0,,,0.03
EDR064,nonlinear_invariant,0.45496678147895186,0.6126666666666667,0.0,True,True,True,0.4,0.0050263878969445605,0.02435510309118138,0.03
EDR064,sparse_invariant,0.4635889273565782,0.805,0.0,True,True,True,0.3,0.02202793652620342,0.008082030394044435,0.03
EDR066,baseline:D_e_abs,0.7737325476455911,0.9376666666666666,0.0,True,True,True,0.4,,,0.03
EDR066,baseline:D_e_normalized,0.22107920429430727,0.8423333333333334,0.05999999999999961,True,True,True,0.1,,,0.03
EDR066,baseline:D_e_positive,0.7854334554334553,0.964,0.0,True,True,True,0.4,,,0.03
EDR066,baseline:E_parallel_abs,0.19979365234182933,0.746,1.62,False,False,False,0.2,,,0.03
EDR066,baseline:E_prime_magnitude,0.682365528489877,0.941,0.0,True,True,True,0.3,,,0.03
EDR066,baseline:J_magnitude,0.6727306820163962,0.9196666666666666,0.0,True,True,True,0.4,,,0.03
EDR066,baseline:Q,0.7352368773596395,0.927,0.05999999999999961,True,True,True,0.4,,,0.03
EDR066,baseline:pressure_anisotropy_abs,0.10254517853520927,0.7523333333333333,0.27000000000000046,False,True,True,0.0,,,0.03
EDR066,nonlinear_invariant,0.809984639016897,0.98,0.0,True,True,True,0.4,0.00483752570660453,0.022865786132116435,0.03
EDR066,sparse_invariant,0.9454545454545454,0.996,0.02999999999999936,True,True,True,0.4,0.019426672973842127,0.01032813298359522,0.03
EDR072,baseline:D_e_abs,0.07640625397250789,0.7854166666666667,3.9,False,False,False,0.0,,,0.03
EDR072,baseline:D_e_normalized,0.017500722003455232,0.19166666666666665,4.32,False,False,False,0.0,,,0.03
EDR072,baseline:D_e_positive,0.025974025974025976,0.18333333333333335,3.9,False,False,False,0.0,,,0.03
EDR072,baseline:E_parallel_abs,0.08597175990763724,0.6933333333333334,4.47,False,False,False,0.125,,,0.03
EDR072,baseline:E_prime_magnitude,0.02335865539129378,0.41333333333333333,4.47,False,False,False,0.0,,,0.03
EDR072,baseline:J_magnitude,0.9375,0.9966666666666667,0.08999999999999986,True,True,True,0.5,,,0.03
EDR072,baseline:Q,0.7055288461538461,0.9520833333333333,0.14999999999999947,True,True,True,0.5,,,0.03
EDR072,baseline:pressure_anisotropy_abs,0.06986116995102964,0.62375,3.48,False,False,False,0.0,,,0.03
EDR072,nonlinear_invariant,1.0,1.0,0.05999999999999961,True,True,True,0.5,0.016280598100453094,0.03135146207772933,0.03
EDR072,sparse_invariant,0.9416666666666667,0.9970833333333333,0.03000000000000025,True,True,True,0.5,0.03979742540182531,0.04917562492966227,0.03
EDR001,baseline:D_e_abs,0.7184070138615594,0.903090309030903,0.0,True,True,True,0.36363636363636365,,,0.06
EDR001,baseline:D_e_normalized,0.10185819126635427,0.7875787578757876,0.6900000000000004,False,False,False,0.0,,,0.06
EDR001,baseline:D_e_positive,0.7569771078405569,0.8646864686468648,0.0,True,True,True,0.36363636363636365,,,0.06
EDR001,baseline:E_parallel_abs,0.4883936075359746,0.870987098709871,0.0,True,True,True,0.2727272727272727,,,0.06
EDR001,baseline:E_prime_magnitude,0.238385010012576,0.8637863786378637,2.25,False,False,False,0.18181818181818182,,,0.06
EDR001,baseline:J_magnitude,0.7821347769877183,0.9885988598859886,0.0,True,True,True,0.36363636363636365,,,0.06
EDR001,baseline:Q,0.27742114835430665,0.6126612661266126,3.21,False,False,False,0.2727272727272727,,,0.06
EDR001,baseline:pressure_anisotropy_abs,0.6934720722676371,0.9345934593459345,0.03000000000000025,True,True,True,0.36363636363636365,,,0.06
EDR001,nonlinear_invariant,0.4977439121117282,0.9284428442844285,0.0,True,True,True,0.18181818181818182,0.004465898379494152,0.030177669159038273,0.06
EDR001,sparse_invariant,0.4298535684322584,0.9396939693969397,0.0,True,True,True,0.18181818181818182,0.01939186257217844,0.014247229533146149,0.06
EDR003,baseline:D_e_abs,0.06062853778428886,0.6311030741410488,1.5600000000000005,False,False,False,0.0,,,0.06
EDR003,baseline:D_e_normalized,0.024444560678870304,0.505877034358047,4.709999999999999,False,False,False,0.0,,,0.06
EDR003,baseline:D_e_positive,0.04305662874495849,0.5219258589511754,1.5600000000000005,False,False,False,0.0,,,0.06
EDR003,baseline:E_parallel_abs,0.059390699539533555,0.632007233273056,5.13,False,False,False,0.0,,,0.06
EDR003,baseline:E_prime_magnitude,0.16323388019405702,0.6952983725135624,5.46,False,False,False,0.14285714285714285,,,0.06
EDR003,baseline:J_magnitude,0.12595085554269228,0.8137432188065099,0.8399999999999999,False,False,False,0.14285714285714285,,,0.06
EDR003,baseline:Q,0.09842687746605637,0.8792947558770344,5.1,False,False,False,0.0,,,0.06
EDR003,baseline:pressure_anisotropy_abs,0.22410720880024612,0.7762206148282097,3.42,False,False,False,0.14285714285714285,,,0.06
EDR003,nonlinear_invariant,0.30303368518642054,0.849005424954792,0.02999999999999936,True,True,True,0.2857142857142857,0.00987194889505776,0.011509827996727937,0.06
EDR003,sparse_invariant,0.15479211940467197,0.8404159132007233,5.1,False,False,False,0.14285714285714285,0.032254339456142464,0.01779359094563017,0.06
EDR007,baseline:D_e_abs,0.15506536395679119,0.7103938406870003,5.85,False,False,False,0.09090909090909091,,,0.06
EDR007,baseline:D_e_normalized,0.04230267243565457,0.5907610305004442,0.33000000000000007,False,False,True,0.0,,,0.06
EDR007,baseline:D_e_positive,0.1956019883290616,0.6591649392952325,0.39000000000000057,False,False,True,0.18181818181818182,,,0.06
EDR007,baseline:E_parallel_abs,0.33450808021131706,0.8557891619780871,0.5699999999999994,False,False,True,0.18181818181818182,,,0.06
EDR007,baseline:E_prime_magnitude,0.05428681519759776,0.5572993781462836,2.6100000000000003,False,False,False,0.0,,,0.06
EDR007,baseline:J_magnitude,0.8147179283014379,0.9490672194255256,0.0,True,True,True,0.36363636363636365,,,0.06
EDR007,baseline:Q,0.8897028537805238,0.9413680781758957,0.02999999999999936,True,True,True,0.36363636363636365,,,0.06
EDR007,baseline:pressure_anisotropy_abs,0.022628867884147943,0.21439147172046197,0.3600000000000003,False,False,True,0.0,,,0.06
EDR007,nonlinear_invariant,0.9191919191919192,0.9739413680781759,0.03000000000000025,True,True,True,0.36363636363636365,0.00790377272138783,0.020707683157979224,0.06
EDR007,sparse_invariant,0.9012923351158646,0.9623926562037312,0.02999999999999936,True,True,True,0.36363636363636365,0.028840366914729923,0.03945756788710419,0.06
EDR011,baseline:D_e_abs,0.1484392721270069,0.6632059800664453,0.7800000000000002,False,False,False,0.125,,,0.06
EDR011,baseline:D_e_normalized,0.020890683904843416,0.34717607973421927,1.5599999999999996,False,False,False,0.0,,,0.06
EDR011,baseline:D_e_positive,0.10223151193835822,0.4509966777408638,0.7800000000000002,False,False,False,0.125,,,0.06
EDR011,baseline:E_parallel_abs,0.05403987416503797,0.6794019933554818,5.46,False,False,False,0.0,,,0.06
EDR011,baseline:E_prime_magnitude,0.14264254052583572,0.7960963455149501,0.75,False,False,False,0.125,,,0.06
EDR011,baseline:J_magnitude,0.47145678242913264,0.9285714285714286,0.02999999999999936,True,True,True,0.375,,,0.06
EDR011,baseline:Q,0.3087486057537443,0.8824750830564784,0.7800000000000002,False,False,False,0.25,,,0.06
EDR011,baseline:pressure_anisotropy_abs,0.021069074172568605,0.35465116279069764,5.85,False,False,False,0.0,,,0.06
EDR011,nonlinear_invariant,0.48931064418869297,0.8442691029900332,0.02999999999999936,True,True,True,0.375,0.030162047487817093,0.019606508503237297,0.06
EDR011,sparse_invariant,0.3696301040914427,0.8380398671096345,0.02999999999999936,True,True,True,0.25,0.04583105821362628,0.03146261152547345,0.06
EDR013,baseline:D_e_abs,0.15124734105465926,0.7493204469948656,5.34,False,False,False,0.0,,,0.06
EDR013,baseline:D_e_normalized,0.057058321363055525,0.6155240108728481,3.99,False,False,False,0.0,,,0.06
EDR013,baseline:D_e_positive,0.19875679875679875,0.7387496224705528,5.34,False,False,False,0.0,,,0.06
EDR013,baseline:E_parallel_abs,0.16225506588818964,0.7315010570824524,0.08999999999999986,True,True,True,0.09090909090909091,,,0.06
EDR013,baseline:E_prime_magnitude,0.10831136522624696,0.7813349441256418,5.4,False,False,False,0.0,,,0.06
EDR013,baseline:J_magnitude,0.1541470275176474,0.8607671398369073,2.73,False,False,False,0.0,,,0.06
EDR013,baseline:Q,0.6527298527298527,0.9607369374811235,0.41999999999999993,False,False,True,0.2727272727272727,,,0.06
EDR013,baseline:pressure_anisotropy_abs,0.1284783273183374,0.813953488372093,3.42,False,False,False,0.0,,,0.06
EDR013,nonlinear_invariant,0.579188166494668,0.9519782543038356,0.03000000000000025,True,True,True,0.2727272727272727,0.051371215631253825,0.03377786325196886,0.06
EDR013,sparse_invariant,0.4412520252726438,0.9118091211114467,0.41999999999999993,False,False,True,0.2727272727272727,0.053225304791283984,0.04296792652249645,0.06
EDR014,baseline:D_e_abs,0.39464083648866255,0.9213732004429679,0.0,True,True,True,0.2222222222222222,,,0.06
EDR014,baseline:D_e_normalized,0.05623593583720754,0.7279438907345884,3.96,False,False,False,0.0,,,0.06
EDR014,baseline:D_e_positive,0.3671458768232962,0.7624584717607972,0.0,True,True,True,0.2222222222222222,,,0.06
EDR014,baseline:E_parallel_abs,0.31135181892795355,0.9102990033222591,0.0,True,True,True,0.2222222222222222,,,0.06
EDR014,baseline:E_prime_magnitude,0.24939009671168907,0.8623108157991879,0.0,True,True,True,0.1111111111111111,,,0.06
EDR014,baseline:J_magnitude,0.9148860398860401,0.9966777408637874,0.03000000000000025,True,True,True,0.4444444444444444,,,0.06
EDR014,baseline:Q,0.7040003206669874,0.9922480620155039,0.0,True,True,True,0.2222222222222222,,,0.06
EDR014,baseline:pressure_anisotropy_abs,0.019283200179646576,0.21520856404577335,0.3600000000000003,False,False,True,0.0,,,0.06
EDR014,nonlinear_invariant,0.6311490978157644,0.9900332225913622,1.4699999999999998,False,False,False,0.2222222222222222,0.06888083625972644,0.05761625389507584,0.06
EDR014,sparse_invariant,0.8829636412969748,0.9966777408637874,0.2699999999999996,False,True,True,0.3333333333333333,0.0624623869946114,0.06293151635997762,0.06
EDR015,baseline:D_e_abs,0.6752480158730159,0.9529346622369879,0.05999999999999961,True,True,True,0.5,,,0.06
EDR015,baseline:D_e_normalized,0.025801638495082328,0.5736434108527132,1.7699999999999996,False,False,False,0.0,,,0.06
EDR015,baseline:D_e_positive,0.5355001652268329,0.7386489479512734,0.0,True,True,True,0.5,,,0.06
EDR015,baseline:E_parallel_abs,0.17729468599033815,0.9418604651162791,0.54,False,False,True,0.0,,,0.06
EDR015,baseline:E_prime_magnitude,0.6815175565175565,0.9922480620155039,0.02999999999999936,True,True,True,0.5,,,0.06
EDR015,baseline:J_magnitude,1.0,1.0,0.05999999999999961,True,True,True,0.6666666666666666,,,0.06
EDR015,baseline:Q,0.7094572094572094,0.9839424141749723,0.05999999999999961,True,True,True,0.5,,,0.06
EDR015,baseline:pressure_anisotropy_abs,0.020993546588069047,0.48615725359911405,5.13,False,False,False,0.0,,,0.06
EDR015,nonlinear_invariant,0.5429945054945055,0.9894795127353266,5.3100000000000005,False,False,False,0.3333333333333333,0.026354237562608386,0.019527008739961948,0.06
EDR015,sparse_invariant,1.0,1.0,0.05999999999999961,True,True,True,0.6666666666666666,0.039030593300133254,0.04084447393838975,0.06
EDR017,baseline:D_e_abs,0.5892827733860342,0.9497508305647842,3.3600000000000003,False,False,False,0.375,,,0.06
EDR017,baseline:D_e_normalized,0.06870165438480175,0.5722591362126246,4.32,False,False,False,0.0,,,0.06
EDR017,baseline:D_e_positive,0.42741707119741096,0.720514950166113,3.3600000000000003,False,False,False,0.375,,,0.06
EDR017,baseline:E_parallel_abs,0.2813464403729274,0.8388704318936877,4.26,False,False,False,0.25,,,0.06
EDR017,baseline:E_prime_magnitude,0.06039236654360599,0.6391196013289037,4.74,False,False,False,0.0,,,0.06
EDR017,baseline:J_magnitude,0.9029761904761905,0.9966777408637874,0.17999999999999972,False,True,True,0.5,,,0.06
EDR017,baseline:Q,0.4404734695468526,0.9086378737541527,0.14999999999999947,True,True,True,0.375,,,0.06
EDR017,baseline:pressure_anisotropy_abs,0.0199347404033766,0.3168604651162791,4.68,False,False,False,0.0,,,0.06
EDR017,nonlinear_invariant,0.7201099625012669,0.9838039867109635,0.17999999999999972,False,True,True,0.375,0.012552792679209585,0.011872379383049544,0.06
EDR017,sparse_invariant,0.7104162001791312,0.9800664451827242,0.14999999999999947,True,True,True,0.5,0.03540055184032009,0.03003090934270301,0.06
EDR018,baseline:D_e_abs,0.13300628851053356,0.7849592268196919,0.5999999999999996,False,False,True,0.09090909090909091,,,0.06
EDR018,baseline:D_e_normalized,0.03142396649755464,0.40833585019631535,4.59,False,False,False,0.0,,,0.06
EDR018,baseline:D_e_positive,0.05992132867132867,0.48082150407731805,0.5999999999999996,False,False,True,0.0,,,0.06
EDR018,baseline:E_parallel_abs,0.12746260276860033,0.8353971609785563,3.0600000000000005,False,False,False,0.0,,,0.06
EDR018,baseline:E_prime_magnitude,0.06354611731450277,0.6665659921473875,0.5999999999999996,False,False,True,0.0,,,0.06
EDR018,baseline:J_magnitude,0.32030178153873334,0.8257324071277559,0.8399999999999999,False,False,False,0.18181818181818182,,,0.06
EDR018,baseline:Q,0.3803568692343084,0.7786167321051042,2.67,False,False,False,0.2727272727272727,,,0.06
EDR018,baseline:pressure_anisotropy_abs,0.04020768187866916,0.5632739353669587,0.5099999999999998,False,False,True,0.0,,,0.06
EDR018,nonlinear_invariant,0.46269459820441283,0.8752642706131077,0.8700000000000001,False,False,False,0.2727272727272727,0.03148075720160076,0.013964119090251585,0.06
EDR018,sparse_invariant,0.4695948859672591,0.8353971609785563,0.02999999999999936,True,True,True,0.2727272727272727,0.052796636094146226,0.03432825848352955,0.06
EDR019,baseline:D_e_abs,0.8190810718333655,0.9643612201751737,0.03000000000000025,True,True,True,0.36363636363636365,,,0.06
EDR019,baseline:D_e_normalized,0.09344248427678262,0.7299909392932649,5.73,False,False,False,0.0,,,0.06
EDR019,baseline:D_e_positive,0.7924048174048175,0.9189066747206281,0.03000000000000025,True,True,True,0.36363636363636365,,,0.06
EDR019,baseline:E_parallel_abs,0.6261585409126392,0.9444276653578978,0.0,True,True,True,0.2727272727272727,,,0.06
EDR019,baseline:E_prime_magnitude,0.3392388414251193,0.7934158864391423,0.0,True,True,True,0.2727272727272727,,,0.06
EDR019,baseline:J_magnitude,0.9393939393939394,0.9960736937481123,0.0,True,True,True,0.36363636363636365,,,0.06
EDR019,baseline:Q,0.05220535803321183,0.6611295681063123,2.219999999999999,False,False,False,0.0,,,0.06
EDR019,baseline:pressure_anisotropy_abs,0.02484408606466984,0.2772576260948354,2.039999999999999,False,False,False,0.0,,,0.06
EDR019,nonlinear_invariant,0.9585576040121495,0.9984898822108124,0.0,True,True,True,0.36363636363636365,0.016211537499528205,0.033386683507724786,0.06
EDR019,sparse_invariant,0.3179346828235092,0.9492600422832981,2.219999999999999,False,False,False,0.18181818181818182,0.0461173996569585,0.04044129033721598,0.06
EDR020,baseline:D_e_abs,0.6743765915874492,0.9373871161950632,0.47999999999999954,False,False,True,0.36363636363636365,,,0.06
EDR020,baseline:D_e_normalized,0.044749745199337,0.565623118603251,2.04,False,False,False,0.0,,,0.06
EDR020,baseline:D_e_positive,0.5101963931035822,0.6968693558097531,0.47999999999999954,False,False,True,0.36363636363636365,,,0.06
EDR020,baseline:E_parallel_abs,0.17738727635750146,0.7182420228777845,0.0,True,True,True,0.09090909090909091,,,0.06
EDR020,baseline:E_prime_magnitude,0.2796400475558477,0.8329319686935581,0.0,True,True,True,0.09090909090909091,,,0.06
EDR020,baseline:J_magnitude,1.0,1.0,0.47999999999999954,False,False,True,0.36363636363636365,,,0.06
EDR020,baseline:Q,0.633601234830743,0.9683925346177003,0.3899999999999997,False,False,True,0.2727272727272727,,,0.06
EDR020,baseline:pressure_anisotropy_abs,0.056905769245945446,0.6938591210114389,1.92,False,False,False,0.0,,,0.06
EDR020,nonlinear_invariant,0.9439000393545849,0.9981938591210114,0.54,False,False,True,0.36363636363636365,0.016232226800464763,0.03713291658340504,0.06
EDR020,sparse_invariant,0.9617715617715618,0.9984948826008428,0.3899999999999997,False,False,True,0.36363636363636365,0.0414398357430298,0.04516336599096244,0.06
EDR021,baseline:D_e_abs,0.5473058097864032,0.9542483660130718,0.20999999999999996,False,True,True,0.2727272727272727,,,0.06
EDR021,baseline:D_e_normalized,0.04077228828353599,0.45603089720736784,5.9399999999999995,False,False,False,0.0,,,0.06
EDR021,baseline:D_e_positive,0.30218862805613594,0.5567439096850861,0.20999999999999996,False,True,True,0.18181818181818182,,,0.06
EDR021,baseline:E_parallel_abs,0.19304369878555686,0.7180629827688652,0.17999999999999972,False,True,True,0.09090909090909091,,,0.06
EDR021,baseline:E_prime_magnitude,0.6260472741863834,0.9411764705882353,0.17999999999999972,False,True,True,0.2727272727272727,,,0.06
EDR021,baseline:J_magnitude,0.1286844897719157,0.7688651218062983,0.8399999999999999,False,False,False,0.09090909090909091,,,0.06
EDR021,baseline:Q,0.3896069299890955,0.9168152109328579,3.3599999999999994,False,False,False,0.18181818181818182,,,0.06
EDR021,baseline:pressure_anisotropy_abs,0.35415440989166047,0.9289958407605466,0.08999999999999986,True,True,True,0.18181818181818182,,,0.06
EDR021,nonlinear_invariant,0.20867184588868776,0.8778966131907309,0.8399999999999999,False,False,False,0.09090909090909091,0.01536450456950375,0.020102577403311037,0.06
EDR021,sparse_invariant,0.24724815679974202,0.9061200237670827,0.03000000000000025,True,True,True,0.09090909090909091,0.03690226911051179,0.008139408752996338,0.06
EDR022,baseline:D_e_abs,0.30971705137751304,0.9335548172757475,0.5700000000000003,False,False,True,0.25,,,0.06
EDR022,baseline:D_e_normalized,0.021019544098107253,0.33596345514950166,5.58,False,False,False,0.0,,,0.06
EDR022,baseline:D_e_positive,0.025889967637540454,0.26578073089700993,0.6000000000000005,False,False,False,0.0,,,0.06
EDR022,baseline:E_parallel_abs,0.14901931289431292,0.8895348837209301,0.6000000000000005,False,False,False,0.0,,,0.06
EDR022,baseline:E_prime_magnitude,0.0365025201044527,0.6337209302325582,3.69,False,False,False,0.0,,,0.06
EDR022,baseline:J_magnitude,0.9115936147186148,0.9975083056478405,0.0,True,True,True,0.5,,,0.06
EDR022,baseline:Q,0.25176386695882585,0.7495847176079734,0.02999999999999936,True,True,True,0.25,,,0.06
EDR022,baseline:pressure_anisotropy_abs,0.015925629892395318,0.09717607973421925,3.75,False,False,False,0.0,,,0.06
EDR022,nonlinear_invariant,0.5714517277017277,0.9310631229235881,0.0,True,True,True,0.5,0.007064811958997737,0.01289594297295966,0.06
EDR022,sparse_invariant,0.4564160141946918,0.9019933554817275,0.41999999999999993,False,False,True,0.375,0.031056432302568465,0.021850125376733618,0.06
EDR023,baseline:D_e_abs,0.6447146900718329,0.9637571730594987,0.2699999999999996,False,True,True,0.36363636363636365,,,0.06
EDR023,baseline:D_e_normalized,0.024719131427397505,0.2666868015705225,1.6799999999999997,False,False,False,0.0,,,0.06
EDR023,baseline:D_e_positive,0.054778554778554776,0.3195409241920869,0.2999999999999998,False,True,True,0.09090909090909091,,,0.06
EDR023,baseline:E_parallel_abs,0.19790700823678814,0.72938689217759,0.03000000000000025,True,True,True,0.09090909090909091,,,0.06
EDR023,baseline:E_prime_magnitude,0.06700375291921036,0.7019027484143763,0.75,False,False,False,0.0,,,0.06
EDR023,baseline:J_magnitude,1.0,1.0,0.03000000000000025,True,True,True,0.36363636363636365,,,0.06
EDR023,baseline:Q,0.5560518141229496,0.9235880398671097,0.27000000000000046,False,True,True,0.36363636363636365,,,0.06
EDR023,baseline:pressure_anisotropy_abs,0.024933588740365848,0.27393536695862275,1.38,False,False,False,0.0,,,0.06
EDR023,nonlinear_invariant,0.9413170163170163,0.9978858350951374,0.1200000000000001,True,True,True,0.36363636363636365,0.03768160721407774,0.04269916724414243,0.06
EDR023,sparse_invariant,0.9924242424242424,0.9996979764421625,0.03000000000000025,True,True,True,0.36363636363636365,0.05142209910297898,0.06700697973566246,0.06
EDR025,baseline:D_e_abs,0.31968022467760737,0.9049180327868852,3.6899999999999995,False,False,False,0.18181818181818182,,,0.06
EDR025,baseline:D_e_normalized,0.08531885561919769,0.7997019374068555,0.8700000000000001,False,False,False,0.0,,,0.06
EDR025,baseline:D_e_positive,0.5133461235733963,0.9636363636363636,3.6899999999999995,False,False,False,0.2727272727272727,,,0.06
EDR025,baseline:E_parallel_abs,0.20900006517525468,0.6593144560357675,4.17,False,False,False,0.18181818181818182,,,0.06
EDR025,baseline:E_prime_magnitude,0.12693821402452563,0.8289120715350222,3.6899999999999995,False,False,False,0.0,,,0.06
EDR025,baseline:J_magnitude,0.821193957557594,0.9901639344262294,0.0600000000000005,True,True,True,0.36363636363636365,,,0.06
EDR025,baseline:Q,0.1934818866749741,0.8602086438152011,3.0600000000000005,False,False,False,0.09090909090909091,,,0.06
EDR025,baseline:pressure_anisotropy_abs,0.027472356250134892,0.34873323397913564,5.309999999999999,False,False,False,0.0,,,0.06
EDR025,nonlinear_invariant,0.4647546897546897,0.9660208643815201,3.0600000000000005,False,False,False,0.09090909090909091,0.021728174451847628,0.01920876039949742,0.06
EDR025,sparse_invariant,0.31485418339468163,0.9478390461997019,3.0600000000000005,False,False,False,0.09090909090909091,0.03757787783230264,0.02930083708059334,0.06
EDR028,baseline:D_e_abs,0.12303864928266844,0.8272425249169435,0.75,False,False,False,0.0,,,0.06
EDR028,baseline:D_e_normalized,0.023386423764615524,0.4972314507198228,1.4699999999999998,False,False,False,0.0,,,0.06
EDR028,baseline:D_e_positive,0.05054057510769323,0.5534330011074198,0.8099999999999996,False,False,False,0.0,,,0.06
EDR028,baseline:E_parallel_abs,0.030036729055946072,0.5409745293466224,2.4299999999999997,False,False,False,0.0,,,0.06
EDR028,baseline:E_prime_magnitude,0.03261795085327188,0.6655592469545959,0.75,False,False,False,0.0,,,0.06
EDR028,baseline:J_magnitude,1.0,1.0,0.03000000000000025,True,True,True,0.6666666666666666,,,0.06
EDR028,baseline:Q,0.017357097376245616,0.36157253599114064,2.16,False,False,False,0.0,,,0.06
EDR028,baseline:pressure_anisotropy_abs,0.019310092006020838,0.4158361018826135,1.7699999999999996,False,False,False,0.0,,,0.06
EDR028,nonlinear_invariant,0.5021825396825397,0.9900332225913622,0.1800000000000006,False,True,True,0.16666666666666666,0.01777322746111824,0.02967346798056649,0.06
EDR028,sparse_invariant,0.8555555555555555,0.9972314507198228,0.15000000000000036,False,True,True,0.5,0.03697680056736933,0.04420723658887897,0.06
EDR034,baseline:D_e_abs,0.4096868219565037,0.8427464008859358,0.02999999999999936,True,True,True,0.2222222222222222,,,0.06
EDR034,baseline:D_e_normalized,0.04899070417004223,0.6703580657069029,2.1,False,False,False,0.0,,,0.06
EDR034,baseline:D_e_positive,0.3571534693686879,0.8176448874123292,0.02999999999999936,True,True,True,0.2222222222222222,,,0.06
EDR034,baseline:E_parallel_abs,0.4417379351540371,0.7098560354374308,0.0,True,True,True,0.3333333333333333,,,0.06
EDR034,baseline:E_prime_magnitude,0.2988289077814361,0.8010335917312661,0.02999999999999936,True,True,True,0.2222222222222222,,,0.06
EDR034,baseline:J_magnitude,0.5378391528580311,0.7260981912144703,0.0,True,True,True,0.4444444444444444,,,0.06
EDR034,baseline:Q,0.08155835669541357,0.8002953119232188,0.5099999999999998,False,False,True,0.0,,,0.06
EDR034,baseline:pressure_anisotropy_abs,0.5047101492132747,0.6965669988925802,0.08999999999999986,True,True,True,0.4444444444444444,,,0.06
EDR034,nonlinear_invariant,0.578935307390592,0.9557032115171651,0.0,True,True,True,0.3333333333333333,0.006692940128918829,0.02037835305874427,0.06
EDR034,sparse_invariant,0.3780233369571491,0.6795865633074936,0.0,True,True,True,0.2222222222222222,0.022925504804324526,0.005411108851386067,0.06
EDR035,baseline:D_e_abs,0.4625565656833955,0.8970099667774087,0.02999999999999936,True,True,True,0.36363636363636365,,,0.06
EDR035,baseline:D_e_normalized,0.04564513855404771,0.5246149199637572,5.58,False,False,False,0.0,,,0.06
EDR035,baseline:D_e_positive,0.23375966139124035,0.5134400483237692,0.02999999999999936,True,True,True,0.18181818181818182,,,0.06
EDR035,baseline:E_parallel_abs,0.5439889277389277,0.824524312896406,0.02999999999999936,True,True,True,0.2727272727272727,,,0.06
EDR035,baseline:E_prime_magnitude,0.561706129686202,0.8707339172455452,0.02999999999999936,True,True,True,0.36363636363636365,,,0.06
EDR035,baseline:J_magnitude,0.572391460029159,0.9093929326487467,0.0,True,True,True,0.36363636363636365,,,0.06
EDR035,baseline:Q,0.3827775742046158,0.8843249773482331,0.1800000000000006,False,True,True,0.18181818181818182,,,0.06
EDR035,baseline:pressure_anisotropy_abs,0.20849332321707556,0.8598610691633948,0.2400000000000002,False,True,True,0.09090909090909091,,,0.06
EDR035,nonlinear_invariant,0.6822117276662731,0.9587737843551798,0.1800000000000006,False,True,True,0.36363636363636365,0.006939946158288521,0.02761003697930329,0.06
EDR035,sparse_invariant,0.8319463241857921,0.9836907278767744,0.1800000000000006,False,True,True,0.36363636363636365,0.026794978867522506,0.018390029096750145,0.06
EDR041,baseline:D_e_abs,0.2516382310499958,0.9352159468438538,2.64,False,False,False,0.16666666666666666,,,0.06
EDR041,baseline:D_e_normalized,0.05170589031180538,0.7840531561461794,4.529999999999999,False,False,False,0.0,,,0.06
EDR041,baseline:D_e_positive,0.4672108077680833,0.9700996677740864,0.0,True,True,True,0.3333333333333333,,,0.06
EDR041,baseline:E_parallel_abs,0.11503862283431472,0.8964562569213732,1.9500000000000002,False,False,False,0.0,,,0.06
EDR041,baseline:E_prime_magnitude,0.06041870037065062,0.7735326688815061,2.16,False,False,False,0.0,,,0.06
EDR041,baseline:J_magnitude,0.8021978021978021,0.991140642303433,0.0,True,True,True,0.6666666666666666,,,0.06
EDR041,baseline:Q,0.06855802780465542,0.7115171650055372,0.41999999999999993,False,False,True,0.0,,,0.06
EDR041,baseline:pressure_anisotropy_abs,0.024901562179697568,0.5758582502768549,0.96,False,False,False,0.0,,,0.06
EDR041,nonlinear_invariant,0.7119164619164619,0.9612403100775193,0.0,True,True,True,0.6666666666666666,0.009501924863361476,0.01047995349176743,0.06
EDR041,sparse_invariant,0.633045413705791,0.9507198228128461,0.0,True,True,True,0.5,0.030429487683208953,0.028236458723483657,0.06
EDR054,baseline:D_e_abs,0.4619719237480333,0.9602272727272727,0.9899999999999993,False,False,False,0.2727272727272727,,,0.06
EDR054,baseline:D_e_normalized,0.12603794802034127,0.694078947368421,0.3899999999999997,False,False,True,0.0,,,0.06
EDR054,baseline:D_e_positive,0.49731077003804286,0.7796052631578947,0.08999999999999986,True,True,True,0.2727272727272727,,,0.06
EDR054,baseline:E_parallel_abs,0.14540098716866823,0.7416267942583732,0.7199999999999998,False,False,False,0.0,,,0.06
EDR054,baseline:E_prime_magnitude,0.16308293040419655,0.8513755980861244,1.5,False,False,False,0.0,,,0.06
EDR054,baseline:J_magnitude,0.8840034330230409,0.9769736842105263,0.0,True,True,True,0.36363636363636365,,,0.06
EDR054,baseline:Q,0.5940638570409242,0.8501794258373205,0.03000000000000025,True,True,True,0.36363636363636365,,,0.06
EDR054,baseline:pressure_anisotropy_abs,0.9357309357309358,0.9961124401913876,0.0,True,True,True,0.36363636363636365,,,0.06
EDR054,nonlinear_invariant,0.9679144385026739,0.9982057416267943,0.0,True,True,True,0.36363636363636365,0.004541946020700572,0.02530653293223381,0.06
EDR054,sparse_invariant,0.8119533451623004,0.9766746411483254,0.0,True,True,True,0.36363636363636365,0.02058995434661271,0.00971065238758137,0.06
EDR060,baseline:D_e_abs,0.062040768629167,0.6181139122315593,0.6899999999999995,False,False,False,0.0,,,0.06
EDR060,baseline:D_e_normalized,0.024918442178084824,0.5224089635854342,4.5,False,False,False,0.0,,,0.06
EDR060,baseline:D_e_positive,0.06484588311795215,0.6858076563958917,0.75,False,False,False,0.0,,,0.06
EDR060,baseline:E_parallel_abs,0.021539383789215067,0.37815126050420167,2.7,False,False,False,0.0,,,0.06
EDR060,baseline:E_prime_magnitude,0.02208889288924045,0.43230625583566756,1.92,False,False,False,0.0,,,0.06
EDR060,baseline:J_magnitude,0.3291739971850809,0.9668534080298786,0.6299999999999999,False,False,False,0.0,,,0.06
EDR060,baseline:Q,0.020957146955331556,0.4290382819794584,3.5700000000000003,False,False,False,0.0,,,0.06
EDR060,baseline:pressure_anisotropy_abs,0.015226359318544071,0.19794584500466852,3.5700000000000003,False,False,False,0.0,,,0.06
EDR060,nonlinear_invariant,0.041065188919251254,0.6900093370681606,0.6600000000000001,False,False,False,0.0,0.0274105511079011,0.013634568230931371,0.06
EDR060,sparse_invariant,0.05256127941549936,0.7805788982259569,1.8899999999999997,False,False,False,0.0,0.04373463412694155,0.02107734718104599,0.06
EDR064,baseline:D_e_abs,0.4539970696236172,0.7653276955602538,0.0,True,True,True,0.36363636363636365,,,0.06
EDR064,baseline:D_e_normalized,0.09000571178192239,0.6689821806100875,1.3500000000000005,False,False,False,0.0,,,0.06
EDR064,baseline:D_e_positive,0.4632950382950383,0.7493204469948656,0.0,True,True,True,0.36363636363636365,,,0.06
EDR064,baseline:E_parallel_abs,0.42717128557366185,0.7798248263364541,0.02999999999999936,True,True,True,0.2727272727272727,,,0.06
EDR064,baseline:E_prime_magnitude,0.1658035936067067,0.8350951374207188,3.1500000000000004,False,False,False,0.09090909090909091,,,0.06
EDR064,baseline:J_magnitude,0.4820623013565313,0.8094231350045303,0.0,True,True,True,0.2727272727272727,,,0.06
EDR064,baseline:Q,0.40922527675587295,0.787375415282392,0.02999999999999936,True,True,True,0.2727272727272727,,,0.06
EDR064,baseline:pressure_anisotropy_abs,0.1562727982136502,0.6849894291754757,0.47999999999999954,False,False,True,0.0,,,0.06
EDR064,nonlinear_invariant,0.41708387007147374,0.5652370884929024,0.0,True,True,True,0.36363636363636365,0.0050263878969445605,0.027381819697877834,0.06
EDR064,sparse_invariant,0.4319999199233164,0.8006644518272426,0.0,True,True,True,0.2727272727272727,0.02202793652620342,0.011099782370687575,0.06
EDR066,baseline:D_e_abs,0.7070484069254057,0.864693446088795,0.0,True,True,True,0.36363636363636365,,,0.06
EDR066,baseline:D_e_normalized,0.20094218112354484,0.8085170643310178,0.05999999999999961,True,True,True,0.09090909090909091,,,0.06
EDR066,baseline:D_e_positive,0.7205007743337263,0.9244941105406221,0.0,True,True,True,0.36363636363636365,,,0.06
EDR066,baseline:E_parallel_abs,0.189245634434652,0.7363334340078527,1.62,False,False,False,0.18181818181818182,,,0.06
EDR066,baseline:E_prime_magnitude,0.6257967795014778,0.8945937783147087,0.0,True,True,True,0.2727272727272727,,,0.06
EDR066,baseline:J_magnitude,0.6265246748727009,0.9115070975536093,0.0,True,True,True,0.36363636363636365,,,0.06
EDR066,baseline:Q,0.7100935353788733,0.9302325581395349,0.05999999999999961,True,True,True,0.36363636363636365,,,0.06
EDR066,baseline:pressure_anisotropy_abs,0.09603838116498693,0.7260646330413771,0.27000000000000046,False,True,True,0.0,,,0.06
EDR066,nonlinear_invariant,0.7612162780954979,0.972213832678949,0.0,True,True,True,0.36363636363636365,0.00483752570660453,0.025890404171232756,0.06
EDR066,sparse_invariant,0.9525691699604744,0.9963757173059499,0.02999999999999936,True,True,True,0.36363636363636365,0.019426672973842127,0.012641630974626492,0.06
EDR072,baseline:D_e_abs,0.07147538905899477,0.7094868955334072,3.9,False,False,False,0.0,,,0.06
EDR072,baseline:D_e_normalized,0.019597775312084578,0.20782576596530083,4.32,False,False,False,0.0,,,0.06
EDR072,baseline:D_e_positive,0.02903225806451613,0.18272425249169433,3.9,False,False,False,0.0,,,0.06
EDR072,baseline:E_parallel_abs,0.08653803728018418,0.702842377260982,4.47,False,False,False,0.1111111111111111,,,0.06
EDR072,baseline:E_prime_magnitude,0.027711491312767123,0.4499815430047988,4.47,False,False,False,0.0,,,0.06
EDR072,baseline:J_magnitude,0.8393939393939396,0.9394610557401255,0.08999999999999986,True,True,True,0.4444444444444444,,,0.06
EDR072,baseline:Q,0.6439935104991734,0.9394610557401255,0.14999999999999947,True,True,True,0.4444444444444444,,,0.06
EDR072,baseline:pressure_anisotropy_abs,0.09257919756949336,0.6607604282022886,3.48,False,False,False,0.0,,,0.06
EDR072,nonlinear_invariant,0.900653594771242,0.9719453672942044,0.05999999999999961,True,True,True,0.4444444444444444,0.016280598100453094,0.02799304246017362,0.06
EDR072,sparse_invariant,0.842191676212295,0.9291251384274639,0.03000000000000025,True,True,True,0.4444444444444444,0.03979742540182531,0.045806223531830996,0.06
EDR001,baseline:D_e_abs,0.5822595520421607,0.8534426229508197,0.0,True,True,True,0.3,,,0.12
EDR001,baseline:D_e_normalized,0.08004030487200194,0.7495081967213115,0.6900000000000004,False,False,False,0.0,,,0.12
EDR001,baseline:D_e_positive,0.6298091219610207,0.8275409836065574,0.0,True,True,True,0.4,,,0.12
EDR001,baseline:E_parallel_abs,0.43167461198849394,0.8124590163934426,0.0,True,True,True,0.3,,,0.12
EDR001,baseline:E_prime_magnitude,0.1648319711854067,0.822295081967213,2.25,False,False,False,0.1,,,0.12
EDR001,baseline:J_magnitude,0.6250012178784558,0.96,0.0,True,True,True,0.3,,,0.12
EDR001,baseline:Q,0.14688808105565893,0.538360655737705,3.21,False,False,False,0.2,,,0.12
EDR001,baseline:pressure_anisotropy_abs,0.43777916654196347,0.8088524590163935,0.03000000000000025,True,True,True,0.3,,,0.12
EDR001,nonlinear_invariant,0.27359074741683437,0.7660655737704918,0.0,True,True,True,0.1,0.004465898379494152,0.027060305305644974,0.12
EDR001,sparse_invariant,0.29354465709728866,0.9052459016393443,0.0,True,True,True,0.1,0.01939186257217844,0.011230257895285084,0.12
EDR003,baseline:D_e_abs,0.057557977529798146,0.6031746031746031,1.5600000000000005,False,False,False,0.0,,,0.12
EDR003,baseline:D_e_normalized,0.026161938304243834,0.4335097001763668,4.709999999999999,False,False,False,0.0,,,0.12
EDR003,baseline:D_e_positive,0.04172534255867589,0.444620811287478,1.5600000000000005,False,False,False,0.0,,,0.12
EDR003,baseline:E_parallel_abs,0.052421202554095186,0.5181657848324516,5.13,False,False,False,0.0,,,0.12
EDR003,baseline:E_prime_magnitude,0.13618709427707026,0.6155202821869489,5.46,False,False,False,0.1111111111111111,,,0.12
EDR003,baseline:J_magnitude,0.11688827071487357,0.7943562610229276,0.8399999999999999,False,False,False,0.1111111111111111,,,0.12
EDR003,baseline:Q,0.08901986678094613,0.8049382716049384,5.1,False,False,False,0.0,,,0.12
EDR003,baseline:pressure_anisotropy_abs,0.36217058751318926,0.8264550264550266,3.42,False,False,False,0.2222222222222222,,,0.12
EDR003,nonlinear_invariant,0.24281502607351815,0.7058201058201058,0.02999999999999936,True,True,True,0.2222222222222222,0.00987194889505776,0.017611455655500527,0.12
EDR003,sparse_invariant,0.1397507697802835,0.8116402116402116,5.1,False,False,False,0.1111111111111111,0.032254339456142464,0.011721492501018175,0.12
EDR007,baseline:D_e_abs,0.12853672513099063,0.7197411003236246,5.85,False,False,False,0.1,,,0.12
EDR007,baseline:D_e_normalized,0.04055899273959636,0.6090614886731391,0.33000000000000007,False,False,True,0.0,,,0.12
EDR007,baseline:D_e_positive,0.16576606391838963,0.7430420711974111,0.39000000000000057,False,False,True,0.2,,,0.12
EDR007,baseline:E_parallel_abs,0.21374951797269964,0.813915857605178,0.5699999999999994,False,False,True,0.1,,,0.12
EDR007,baseline:E_prime_magnitude,0.03403988802873334,0.46990291262135925,2.6100000000000003,False,False,False,0.0,,,0.12
EDR007,baseline:J_magnitude,0.9272546897546897,0.9977346278317152,0.0,True,True,True,0.4,,,0.12
EDR007,baseline:Q,0.9155555555555556,0.9954692556634304,0.02999999999999936,True,True,True,0.4,,,0.12
EDR007,baseline:pressure_anisotropy_abs,0.021346405483899718,0.2453074433656958,0.3600000000000003,False,False,True,0.0,,,0.12
EDR007,nonlinear_invariant,1.0,0.9999999999999999,0.03000000000000025,True,True,True,0.4,0.00790377272138783,0.024493587006092415,0.12
EDR007,sparse_invariant,0.9999999999999999,1.0,0.02999999999999936,True,True,True,0.4,0.028840366914729923,0.04265556322391202,0.12
EDR011,baseline:D_e_abs,0.12984157151076653,0.6223333333333333,0.7800000000000002,False,False,False,0.1,,,0.12
EDR011,baseline:D_e_normalized,0.02631900004082177,0.37533333333333335,1.5599999999999996,False,False,False,0.0,,,0.12
EDR011,baseline:D_e_positive,0.0929944038244589,0.482,0.7800000000000002,False,False,False,0.1,,,0.12
EDR011,baseline:E_parallel_abs,0.060662458439470664,0.6853333333333333,5.46,False,False,False,0.0,,,0.12
EDR011,baseline:E_prime_magnitude,0.12145786833993763,0.708,0.75,False,False,False,0.1,,,0.12
EDR011,baseline:J_magnitude,0.41741280941280934,0.9179999999999999,0.02999999999999936,True,True,True,0.3,,,0.12
EDR011,baseline:Q,0.2626634504808985,0.8360000000000001,0.7800000000000002,False,False,False,0.2,,,0.12
EDR011,baseline:pressure_anisotropy_abs,0.025803018215182036,0.36100000000000004,5.85,False,False,False,0.0,,,0.12
EDR011,nonlinear_invariant,0.41890110457885393,0.8406666666666666,0.02999999999999936,True,True,True,0.3,0.030162047487817093,0.014002105094775561,0.12
EDR011,sparse_invariant,0.31268583797265864,0.8103333333333333,0.02999999999999936,True,True,True,0.2,0.04583105821362628,0.02561218991501567,0.12
EDR013,baseline:D_e_abs,0.10123365575123107,0.6956810631229235,5.34,False,False,False,0.0,,,0.12
EDR013,baseline:D_e_normalized,0.060214525481723416,0.6425249169435217,3.99,False,False,False,0.0,,,0.12
EDR013,baseline:D_e_positive,0.12933157386451843,0.7245847176079734,5.34,False,False,False,0.0,,,0.12
EDR013,baseline:E_parallel_abs,0.15914660838393319,0.7023255813953488,0.08999999999999986,True,True,True,0.1,,,0.12
EDR013,baseline:E_prime_magnitude,0.07112686357612082,0.7096345514950166,5.4,False,False,False,0.0,,,0.12
EDR013,baseline:J_magnitude,0.08282965725653772,0.6767441860465117,2.73,False,False,False,0.0,,,0.12
EDR013,baseline:Q,0.3918053044669778,0.8906976744186046,0.41999999999999993,False,False,True,0.2,,,0.12
EDR013,baseline:pressure_anisotropy_abs,0.1290097282030635,0.827906976744186,3.42,False,False,False,0.0,,,0.12
EDR013,nonlinear_invariant,0.3021062474284564,0.7651162790697674,0.03000000000000025,True,True,True,0.1,0.051371215631253825,0.03092864619949209,0.12
EDR013,sparse_invariant,0.2287475214398485,0.7089700996677741,0.41999999999999993,False,False,True,0.2,0.053225304791283984,0.029111754485750815,0.12
EDR014,baseline:D_e_abs,0.33262440490475387,0.881063122923588,0.0,True,True,True,0.2,,,0.12
EDR014,baseline:D_e_normalized,0.05919854561876657,0.721594684385382,3.96,False,False,False,0.0,,,0.12
EDR014,baseline:D_e_positive,0.3139872270265112,0.7631229235880399,0.0,True,True,True,0.2,,,0.12
EDR014,baseline:E_parallel_abs,0.27146859541729174,0.8651162790697674,0.0,True,True,True,0.2,,,0.12
EDR014,baseline:E_prime_magnitude,0.21941738203016276,0.8451827242524916,0.0,True,True,True,0.1,,,0.12
EDR014,baseline:J_magnitude,0.9295482295482295,0.9970099667774086,0.03000000000000025,True,True,True,0.4,,,0.12
EDR014,baseline:Q,0.7075396825396825,0.9903654485049834,0.0,True,True,True,0.2,,,0.12
EDR014,baseline:pressure_anisotropy_abs,0.020798158144451587,0.2009966777408638,0.3600000000000003,False,False,True,0.0,,,0.12
EDR014,nonlinear_invariant,0.5833333333333333,0.9867109634551495,1.4699999999999998,False,False,False,0.2,0.06888083625972644,0.058641884846621826,0.12
EDR014,sparse_invariant,0.9235317460317459,0.99734219269103,0.2699999999999996,False,True,True,0.4,0.0624623869946114,0.06332581386281184,0.12
EDR015,baseline:D_e_abs,0.4190433438534499,0.6900000000000001,0.05999999999999961,True,True,True,0.4,,,0.12
EDR015,baseline:D_e_normalized,0.02305306012434208,0.5733333333333334,1.7699999999999996,False,False,False,0.0,,,0.12
EDR015,baseline:D_e_positive,0.21554332082428074,0.5506666666666667,0.0,True,True,True,0.2,,,0.12
EDR015,baseline:E_parallel_abs,0.06287046698005602,0.6666666666666666,0.54,False,False,True,0.0,,,0.12
EDR015,baseline:E_prime_magnitude,0.4153996344300432,0.6633333333333333,0.02999999999999936,True,True,True,0.4,,,0.12
EDR015,baseline:J_magnitude,0.6219548872180451,0.8959999999999999,0.05999999999999961,True,True,True,0.6,,,0.12
EDR015,baseline:Q,0.640408163265306,0.9466666666666667,0.05999999999999961,True,True,True,0.6,,,0.12
EDR015,baseline:pressure_anisotropy_abs,0.014049099948017958,0.34,5.13,False,False,False,0.0,,,0.12
EDR015,nonlinear_invariant,0.3195064072140484,0.8786666666666667,5.3100000000000005,False,False,False,0.4,0.026354237562608386,0.01446406422744063,0.12
EDR015,sparse_invariant,0.6134420697412823,0.8280000000000001,0.05999999999999961,True,True,True,0.6,0.039030593300133254,0.03343001191898594,0.12
EDR017,baseline:D_e_abs,0.5423812540116888,0.9226666666666667,3.3600000000000003,False,False,False,0.3,,,0.12
EDR017,baseline:D_e_normalized,0.06636703100394135,0.5626666666666668,4.32,False,False,False,0.0,,,0.12
EDR017,baseline:D_e_positive,0.4016153470185727,0.7013333333333334,3.3600000000000003,False,False,False,0.3,,,0.12
EDR017,baseline:E_parallel_abs,0.24670319050144893,0.818,4.26,False,False,False,0.2,,,0.12
EDR017,baseline:E_prime_magnitude,0.07619004418822929,0.653,4.74,False,False,False,0.0,,,0.12
EDR017,baseline:J_magnitude,0.906655844155844,0.9963333333333334,0.17999999999999972,False,True,True,0.4,,,0.12
EDR017,baseline:Q,0.5406565656565656,0.925,0.14999999999999947,True,True,True,0.3,,,0.12
EDR017,baseline:pressure_anisotropy_abs,0.027573554005651514,0.39866666666666667,4.68,False,False,False,0.0,,,0.12
EDR017,nonlinear_invariant,0.8040476190476191,0.987,0.17999999999999972,False,True,True,0.4,0.012552792679209585,0.012711446178340026,0.12
EDR017,sparse_invariant,0.7669802867383512,0.9833333333333333,0.14999999999999947,True,True,True,0.4,0.03540055184032009,0.03382360472902415,0.12
EDR018,baseline:D_e_abs,0.11156731658853888,0.7463333333333333,0.5999999999999996,False,False,True,0.1,,,0.12
EDR018,baseline:D_e_normalized,0.025503165632491408,0.3403333333333333,4.59,False,False,False,0.0,,,0.12
EDR018,baseline:D_e_positive,0.052258064516129035,0.43566666666666665,0.5999999999999996,False,False,True,0.0,,,0.12
EDR018,baseline:E_parallel_abs,0.08353218801950842,0.7223333333333334,3.0600000000000005,False,False,False,0.0,,,0.12
EDR018,baseline:E_prime_magnitude,0.06244020724382708,0.669,0.5999999999999996,False,False,True,0.0,,,0.12
EDR018,baseline:J_magnitude,0.17716939116806069,0.7183333333333334,0.8399999999999999,False,False,False,0.2,,,0.12
EDR018,baseline:Q,0.30040177147106617,0.6643333333333334,2.67,False,False,False,0.3,,,0.12
EDR018,baseline:pressure_anisotropy_abs,0.03351469526572265,0.5116666666666667,0.5099999999999998,False,False,True,0.0,,,0.12
EDR018,nonlinear_invariant,0.3035261604446527,0.795,0.8700000000000001,False,False,False,0.3,0.03148075720160076,0.01941604155002383,0.12
EDR018,sparse_invariant,0.31600573429102785,0.736,0.02999999999999936,True,True,True,0.2,0.052796636094146226,0.030080252248260612,0.12
EDR019,baseline:D_e_abs,0.8374532859356485,0.963,0.03000000000000025,True,True,True,0.4,,,0.12
EDR019,baseline:D_e_normalized,0.05851936356633117,0.6046666666666667,5.73,False,False,False,0.0,,,0.12
EDR019,baseline:D_e_positive,0.6239631336405529,0.7665,0.03000000000000025,True,True,True,0.4,,,0.12
EDR019,baseline:E_parallel_abs,0.5301720239225217,0.849,0.0,True,True,True,0.3,,,0.12
EDR019,baseline:E_prime_magnitude,0.2724438294987394,0.817,0.0,True,True,True,0.2,,,0.12
EDR019,baseline:J_magnitude,0.7878066378066377,0.9806666666666667,0.0,True,True,True,0.4,,,0.12
EDR019,baseline:Q,0.040439558784632866,0.5893333333333334,2.219999999999999,False,False,False,0.0,,,0.12
EDR019,baseline:pressure_anisotropy_abs,0.028892602537879192,0.418,2.039999999999999,False,False,False,0.0,,,0.12
EDR019,nonlinear_invariant,0.8136183261183261,0.9806666666666667,0.0,True,True,True,0.4,0.016211537499528205,0.022843886731788873,0.12
EDR019,sparse_invariant,0.19329920335500675,0.902,2.219999999999999,False,False,False,0.1,0.0461173996569585,0.03606211830669832,0.12
EDR020,baseline:D_e_abs,0.8203417818740399,0.98125,0.47999999999999954,False,False,True,0.4,,,0.12
EDR020,baseline:D_e_normalized,0.039840364565967186,0.5404605263157894,2.04,False,False,False,0.0,,,0.12
EDR020,baseline:D_e_positive,0.5159235668789809,0.6085526315789473,0.47999999999999954,False,False,True,0.4,,,0.12
EDR020,baseline:E_parallel_abs,0.18489453763553151,0.7075657894736843,0.0,True,True,True,0.1,,,0.12
EDR020,baseline:E_prime_magnitude,0.33847443607193434,0.887171052631579,0.0,True,True,True,0.1,,,0.12
EDR020,baseline:J_magnitude,1.0,1.0,0.47999999999999954,False,False,True,0.4,,,0.12
EDR020,baseline:Q,0.7153111915406997,0.9756578947368421,0.3899999999999997,False,False,True,0.3,,,0.12
EDR020,baseline:pressure_anisotropy_abs,0.060118356895763767,0.7358552631578947,1.92,False,False,False,0.0,,,0.12
EDR020,nonlinear_invariant,0.8914646464646464,0.9973684210526316,0.54,False,False,True,0.3,0.016232226800464763,0.0366147877238782,0.12
EDR020,sparse_invariant,0.9909090909090909,0.999671052631579,0.3899999999999997,False,False,True,0.4,0.0414398357430298,0.05057787766228206,0.12
EDR021,baseline:D_e_abs,0.5926177988677989,0.956578947368421,0.20999999999999996,False,True,True,0.3,,,0.12
EDR021,baseline:D_e_normalized,0.0446973211841276,0.5157894736842106,5.9399999999999995,False,False,False,0.0,,,0.12
EDR021,baseline:D_e_positive,0.4258340915984228,0.6730263157894738,0.20999999999999996,False,True,True,0.3,,,0.12
EDR021,baseline:E_parallel_abs,0.1681706031806814,0.6990131578947368,0.17999999999999972,False,True,True,0.1,,,0.12
EDR021,baseline:E_prime_magnitude,0.5253841136032917,0.9273026315789472,0.17999999999999972,False,True,True,0.3,,,0.12
EDR021,baseline:J_magnitude,0.10536747336932922,0.8019736842105263,0.8399999999999999,False,False,False,0.0,,,0.12
EDR021,baseline:Q,0.3733209733329578,0.9003289473684211,3.3599999999999994,False,False,False,0.2,,,0.12
EDR021,baseline:pressure_anisotropy_abs,0.13332851972896814,0.8921052631578947,0.08999999999999986,True,True,True,0.0,,,0.12
EDR021,nonlinear_invariant,0.23990996630830008,0.9032894736842105,0.8399999999999999,False,False,False,0.1,0.01536450456950375,0.01800128189194367,0.12
EDR021,sparse_invariant,0.16566199960162808,0.9138157894736842,0.03000000000000025,True,True,True,0.0,0.03690226911051179,0.0060586538295296,0.12
EDR022,baseline:D_e_abs,0.2726631572666115,0.9023333333333333,0.5700000000000003,False,False,True,0.2,,,0.12
EDR022,baseline:D_e_normalized,0.02580481695558868,0.3413333333333334,5.58,False,False,False,0.0,,,0.12
EDR022,baseline:D_e_positive,0.03225806451612903,0.27,0.6000000000000005,False,False,False,0.0,,,0.12
EDR022,baseline:E_parallel_abs,0.19571145057213168,0.905,0.6000000000000005,False,False,False,0.0,,,0.12
EDR022,baseline:E_prime_magnitude,0.04131207604001156,0.608,3.69,False,False,False,0.0,,,0.12
EDR022,baseline:J_magnitude,0.8246401259559154,0.9926666666666666,0.0,True,True,True,0.4,,,0.12
EDR022,baseline:Q,0.2153517792124501,0.7196666666666667,0.02999999999999936,True,True,True,0.2,,,0.12
EDR022,baseline:pressure_anisotropy_abs,0.019373861198802307,0.09233333333333334,3.75,False,False,False,0.0,,,0.12
EDR022,nonlinear_invariant,0.48644131300693594,0.9013333333333332,0.0,True,True,True,0.4,0.007064811958997737,0.019226275166961168,0.12
EDR022,sparse_invariant,0.43613931226187896,0.915,0.41999999999999993,False,False,True,0.3,0.031056432302568465,0.01552650523690006,0.12
EDR023,baseline:D_e_abs,0.6511818133943289,0.9623333333333334,0.2699999999999996,False,True,True,0.4,,,0.12
EDR023,baseline:D_e_normalized,0.021151048445044385,0.21466666666666667,1.6799999999999997,False,False,False,0.0,,,0.12
EDR023,baseline:D_e_positive,0.03338008415147265,0.32066666666666666,0.2999999999999998,False,True,True,0.0,,,0.12
EDR023,baseline:E_parallel_abs,0.13703913915192387,0.7926666666666666,0.03000000000000025,True,True,True,0.0,,,0.12
EDR023,baseline:E_prime_magnitude,0.11168993612385622,0.7293333333333334,0.75,False,False,False,0.1,,,0.12
EDR023,baseline:J_magnitude,0.9999999999999999,1.0,0.03000000000000025,True,True,True,0.4,,,0.12
EDR023,baseline:Q,0.4065604589147337,0.8843333333333333,0.27000000000000046,False,True,True,0.3,,,0.12
EDR023,baseline:pressure_anisotropy_abs,0.025656471787095913,0.359,1.38,False,False,False,0.0,,,0.12
EDR023,nonlinear_invariant,0.8261399711399711,0.9943333333333333,0.1200000000000001,True,True,True,0.3,0.03768160721407774,0.03640526445494791,0.12
EDR023,sparse_invariant,0.9426315789473684,0.9966666666666666,0.03000000000000025,True,True,True,0.4,0.05142209910297898,0.06342593939774764,0.12
EDR025,baseline:D_e_abs,0.28376955157274364,0.8132013201320133,3.6899999999999995,False,False,False,0.2,,,0.12
EDR025,baseline:D_e_normalized,0.07877854646162148,0.7953795379537953,0.8700000000000001,False,False,False,0.0,,,0.12
EDR025,baseline:D_e_positive,0.44993187391744266,0.9293729372937294,3.6899999999999995,False,False,False,0.3,,,0.12
EDR025,baseline:E_parallel_abs,0.2123784346358253,0.6600660066006601,4.17,False,False,False,0.2,,,0.12
EDR025,baseline:E_prime_magnitude,0.10605911061872463,0.7828382838283828,3.6899999999999995,False,False,False,0.0,,,0.12
EDR025,baseline:J_magnitude,0.586879774294565,0.9174917491749176,0.0600000000000005,True,True,True,0.3,,,0.12
EDR025,baseline:Q,0.14748015747042328,0.8749174917491749,3.0600000000000005,False,False,False,0.0,,,0.12
EDR025,baseline:pressure_anisotropy_abs,0.02184668587583955,0.24653465346534656,5.309999999999999,False,False,False,0.0,,,0.12
EDR025,nonlinear_invariant,0.30702936749587467,0.9158415841584158,3.0600000000000005,False,False,False,0.1,0.021728174451847628,0.01267797809637505,0.12
EDR025,sparse_invariant,0.21077342047930284,0.9316831683168316,3.0600000000000005,False,False,False,0.0,0.03757787783230264,0.017218001446171707,0.12
EDR028,baseline:D_e_abs,0.06267182325112386,0.784,0.75,False,False,False,0.0,,,0.12
EDR028,baseline:D_e_normalized,0.021367951409177143,0.5313333333333333,1.4699999999999998,False,False,False,0.0,,,0.12
EDR028,baseline:D_e_positive,0.047525756495820644,0.6146666666666667,0.8099999999999996,False,False,False,0.0,,,0.12
EDR028,baseline:E_parallel_abs,0.06444009393321998,0.724,2.4299999999999997,False,False,False,0.0,,,0.12
EDR028,baseline:E_prime_magnitude,0.028106707386527464,0.674,0.75,False,False,False,0.0,,,0.12
EDR028,baseline:J_magnitude,0.9111111111111112,0.9973333333333334,0.03000000000000025,True,True,True,0.8,,,0.12
EDR028,baseline:Q,0.027636044903532078,0.6266666666666667,2.16,False,False,False,0.0,,,0.12
EDR028,baseline:pressure_anisotropy_abs,0.015751809108867785,0.3933333333333333,1.7699999999999996,False,False,False,0.0,,,0.12
EDR028,nonlinear_invariant,1.0,1.0,0.1800000000000006,False,True,True,0.8,0.01777322746111824,0.021816653943815927,0.12
EDR028,sparse_invariant,0.8,0.986,0.15000000000000036,False,True,True,0.6,0.03697680056736933,0.03969241100965298,0.12
EDR034,baseline:D_e_abs,0.3678456099707719,0.775,0.02999999999999936,True,True,True,0.3333333333333333,,,0.12
EDR034,baseline:D_e_normalized,0.038058457052598235,0.6705555555555556,2.1,False,False,False,0.0,,,0.12
EDR034,baseline:D_e_positive,0.21705825764649295,0.7319444444444445,0.02999999999999936,True,True,True,0.16666666666666666,,,0.12
EDR034,baseline:E_parallel_abs,0.35043267453395766,0.5722222222222223,0.0,True,True,True,0.3333333333333333,,,0.12
EDR034,baseline:E_prime_magnitude,0.3680182646335762,0.7672222222222222,0.02999999999999936,True,True,True,0.3333333333333333,,,0.12
EDR034,baseline:J_magnitude,0.35406755200318935,0.5894444444444444,0.0,True,True,True,0.3333333333333333,,,0.12
EDR034,baseline:Q,0.07212190654263079,0.8316666666666667,0.5099999999999998,False,False,True,0.0,,,0.12
EDR034,baseline:pressure_anisotropy_abs,0.7407692307692307,0.9433333333333334,0.08999999999999986,True,True,True,0.6666666666666666,,,0.12
EDR034,nonlinear_invariant,0.3387949039264828,0.9344444444444445,0.0,True,True,True,0.3333333333333333,0.006692940128918829,0.011352616027657246,0.12
EDR034,sparse_invariant,0.29355350115129136,0.5233333333333334,0.0,True,True,True,0.3333333333333333,0.022925504804324526,0.009543975094654412,0.12
EDR035,baseline:D_e_abs,0.4647065260050509,0.7863333333333334,0.02999999999999936,True,True,True,0.4,,,0.12
EDR035,baseline:D_e_normalized,0.04302959245152871,0.5003333333333333,5.58,False,False,False,0.0,,,0.12
EDR035,baseline:D_e_positive,0.23508288072893624,0.4969999999999999,0.02999999999999936,True,True,True,0.2,,,0.12
EDR035,baseline:E_parallel_abs,0.6323677126086764,0.9033333333333333,0.02999999999999936,True,True,True,0.3,,,0.12
EDR035,baseline:E_prime_magnitude,0.6341614906832298,0.9530000000000001,0.02999999999999936,True,True,True,0.4,,,0.12
EDR035,baseline:J_magnitude,0.3356269335213594,0.7236666666666667,0.0,True,True,True,0.2,,,0.12
EDR035,baseline:Q,0.3650511578089414,0.8260000000000001,0.1800000000000006,False,True,True,0.2,,,0.12
EDR035,baseline:pressure_anisotropy_abs,0.07851357679444447,0.7963333333333333,0.2400000000000002,False,True,True,0.0,,,0.12
EDR035,nonlinear_invariant,0.5129933847120521,0.8381666666666667,0.1800000000000006,False,True,True,0.4,0.006939946158288521,0.024975501928670932,0.12
EDR035,sparse_invariant,0.756021148989899,0.887,0.1800000000000006,False,True,True,0.4,0.026794978867522506,0.02081035018352561,0.12
EDR041,baseline:D_e_abs,0.16571119682094437,0.896,2.64,False,False,False,0.2,,,0.12
EDR041,baseline:D_e_normalized,0.06891343098504224,0.868,4.529999999999999,False,False,False,0.0,,,0.12
EDR041,baseline:D_e_positive,0.3258855154965212,0.9506666666666667,0.0,True,True,True,0.2,,,0.12
EDR041,baseline:E_parallel_abs,0.05560623586939376,0.8326666666666667,1.9500000000000002,False,False,False,0.0,,,0.12
EDR041,baseline:E_prime_magnitude,0.02628565308359296,0.63,2.16,False,False,False,0.0,,,0.12
EDR041,baseline:J_magnitude,0.5969230769230769,0.9873333333333334,0.0,True,True,True,0.4,,,0.12
EDR041,baseline:Q,0.12057947577656493,0.7453333333333333,0.41999999999999993,False,False,True,0.2,,,0.12
EDR041,baseline:pressure_anisotropy_abs,0.014178707629500038,0.33866666666666667,0.96,False,False,False,0.0,,,0.12
EDR041,nonlinear_invariant,0.5654780361757106,0.952,0.0,True,True,True,0.4,0.009501924863361476,0.004473895679608266,0.12
EDR041,sparse_invariant,0.4778354203935599,0.9346666666666666,0.0,True,True,True,0.4,0.030429487683208953,0.019963479541226795,0.12
EDR054,baseline:D_e_abs,0.4447521596051008,0.901328903654485,0.9899999999999993,False,False,False,0.3,,,0.12
EDR054,baseline:D_e_normalized,0.14195106808086427,0.773421926910299,0.3899999999999997,False,False,True,0.0,,,0.12
EDR054,baseline:D_e_positive,0.5243585319013179,0.8302325581395349,0.08999999999999986,True,True,True,0.3,,,0.12
EDR054,baseline:E_parallel_abs,0.16178550151259125,0.7152823920265782,0.7199999999999998,False,False,False,0.1,,,0.12
EDR054,baseline:E_prime_magnitude,0.1632665181361054,0.896345514950166,1.5,False,False,False,0.0,,,0.12
EDR054,baseline:J_magnitude,0.6903269114171523,0.9348837209302326,0.0,True,True,True,0.4,,,0.12
EDR054,baseline:Q,0.39125959730184373,0.7375415282392027,0.03000000000000025,True,True,True,0.2,,,0.12
EDR054,baseline:pressure_anisotropy_abs,0.9999999999999999,1.0,0.0,True,True,True,0.4,,,0.12
EDR054,nonlinear_invariant,0.9225,0.9960132890365448,0.0,True,True,True,0.4,0.004541946020700572,0.02428574988970903,0.12
EDR054,sparse_invariant,0.6380373135636292,0.9431893687707641,0.0,True,True,True,0.4,0.02058995434661271,0.008863073045959206,0.12
EDR060,baseline:D_e_abs,0.07342268371988966,0.6546448087431693,0.6899999999999995,False,False,False,0.0,,,0.12
EDR060,baseline:D_e_normalized,0.033509391131069446,0.5595628415300546,4.5,False,False,False,0.0,,,0.12
EDR060,baseline:D_e_positive,0.084547904038394,0.730054644808743,0.75,False,False,False,0.1111111111111111,,,0.12
EDR060,baseline:E_parallel_abs,0.02682891214750033,0.40364298724954456,2.7,False,False,False,0.0,,,0.12
EDR060,baseline:E_prime_magnitude,0.02456574057607963,0.3763205828779599,1.92,False,False,False,0.0,,,0.12
EDR060,baseline:J_magnitude,0.5041556114136759,0.9777777777777777,0.6299999999999999,False,False,False,0.2222222222222222,,,0.12
EDR060,baseline:Q,0.0277459964044943,0.47067395264116574,3.5700000000000003,False,False,False,0.0,,,0.12
EDR060,baseline:pressure_anisotropy_abs,0.018276157816929643,0.16939890710382513,3.5700000000000003,False,False,False,0.0,,,0.12
EDR060,nonlinear_invariant,0.05177733296735609,0.706375227686703,0.6600000000000001,False,False,False,0.0,0.0274105511079011,0.01670104075951156,0.12
EDR060,sparse_invariant,0.08862291963085316,0.8258652094717669,1.8899999999999997,False,False,False,0.0,0.04373463412694155,0.014175621393171009,0.12
EDR064,baseline:D_e_abs,0.25709944492451464,0.607,0.0,True,True,True,0.2,,,0.12
EDR064,baseline:D_e_normalized,0.048787986882410456,0.5566666666666666,1.3500000000000005,False,False,False,0.0,,,0.12
EDR064,baseline:D_e_positive,0.2655330805475785,0.6385000000000001,0.0,True,True,True,0.2,,,0.12
EDR064,baseline:E_parallel_abs,0.34394466527922596,0.7583333333333333,0.02999999999999936,True,True,True,0.2,,,0.12
EDR064,baseline:E_prime_magnitude,0.16349416947440287,0.8326666666666667,3.1500000000000004,False,False,False,0.1,,,0.12
EDR064,baseline:J_magnitude,0.3015430674470444,0.7816666666666666,0.0,True,True,True,0.2,,,0.12
EDR064,baseline:Q,0.33321240813800446,0.751,0.02999999999999936,True,True,True,0.2,,,0.12
EDR064,baseline:pressure_anisotropy_abs,0.42180264180264176,0.8886666666666667,0.47999999999999954,False,False,True,0.2,,,0.12
EDR064,nonlinear_invariant,0.26247181398190267,0.4318333333333333,0.0,True,True,True,0.2,0.0050263878969445605,0.024891066779028873,0.12
EDR064,sparse_invariant,0.3278800498011102,0.775,0.0,True,True,True,0.2,0.02202793652620342,0.008600489822429525,0.12
EDR066,baseline:D_e_abs,0.5395550266546268,0.8406666666666667,0.0,True,True,True,0.4,,,0.12
EDR066,baseline:D_e_normalized,0.20559642812153572,0.8123333333333334,0.05999999999999961,True,True,True,0.1,,,0.12
EDR066,baseline:D_e_positive,0.5627936521935111,0.907,0.0,True,True,True,0.4,,,0.12
EDR066,baseline:E_parallel_abs,0.22391965649124573,0.8236666666666667,1.62,False,False,False,0.2,,,0.12
EDR066,baseline:E_prime_magnitude,0.42859823771733874,0.7823333333333333,0.0,True,True,True,0.2,,,0.12
EDR066,baseline:J_magnitude,0.5317784514336238,0.9043333333333333,0.0,True,True,True,0.4,,,0.12
EDR066,baseline:Q,0.7796932234432234,0.985,0.05999999999999961,True,True,True,0.4,,,0.12
EDR066,baseline:pressure_anisotropy_abs,0.08944075086544515,0.7246666666666668,0.27000000000000046,False,True,True,0.0,,,0.12
EDR066,nonlinear_invariant,0.7763666947014296,0.9723333333333333,0.0,True,True,True,0.4,0.00483752570660453,0.023156263654845317,0.12
EDR066,sparse_invariant,0.9999999999999999,1.0,0.02999999999999936,True,True,True,0.4,0.019426672973842127,0.010187796553696744,0.12
EDR072,baseline:D_e_abs,0.06234740664950384,0.5786666666666667,3.9,False,False,False,0.0,,,0.12
EDR072,baseline:D_e_normalized,0.021758918445691514,0.21400000000000002,4.32,False,False,False,0.0,,,0.12
EDR072,baseline:D_e_positive,0.03225806451612903,0.18166666666666664,3.9,False,False,False,0.0,,,0.12
EDR072,baseline:E_parallel_abs,0.04977560134516058,0.618,4.47,False,False,False,0.0,,,0.12
EDR072,baseline:E_prime_magnitude,0.026166215642086287,0.35833333333333334,4.47,False,False,False,0.0,,,0.12
EDR072,baseline:J_magnitude,0.6589310790835181,0.78,0.08999999999999986,True,True,True,0.4,,,0.12
EDR072,baseline:Q,0.4789441009751674,0.8003333333333333,0.14999999999999947,True,True,True,0.4,,,0.12
EDR072,baseline:pressure_anisotropy_abs,0.14914569537894437,0.7546666666666666,3.48,False,False,False,0.0,,,0.12
EDR072,nonlinear_invariant,0.718396522488594,0.8383333333333334,0.05999999999999961,True,True,True,0.4,0.016280598100453094,0.019806706290329663,0.12
EDR072,sparse_invariant,0.6607266502785591,0.75,0.03000000000000025,True,True,True,0.4,0.03979742540182531,0.03770083862779536,0.12
